0,0.30090099573135376,0.9750295877456665,0.3827105462551117,0.9065387845039368,0.4370373487472534,0.7815744876861572,0.481051504611969,0.6843708157539368,0.5209101438522339,0.628480076789856,0.37940022349357605,0.5992667078971863,0.39938661456108093,0.4627889096736908,0.4070208668708801,0.3725590109825134,0.4109221398830414,0.2943832278251648,0.32971566915512085,0.5944016575813293,0.31901007890701294,0.4373306930065155,0.32554328441619873,0.5043779015541077,0.3316872715950012,0.5851778388023376,0.2818758189678192,0.6158313155174255,0.2723395824432373,0.48660334944725037,0.2875937521457672,0.566506028175354,0.2966848611831665,0.645548403263092,0.2356199473142624,0.6549240946769714,0.22761112451553345,0.5521577596664429,0.24434047937393188,0.5941272377967834,0.25690263509750366,0.6498160362243652
0,0.3068290054798126,0.969211220741272,0.3849537968635559,0.9034832715988159,0.4398132860660553,0.7729225754737854,0.4793532192707062,0.66495281457901,0.5133117437362671,0.5951789617538452,0.37818166613578796,0.5887131690979004,0.39516574144363403,0.4516916275024414,0.4005327522754669,0.3627523183822632,0.40315064787864685,0.2875586152076721,0.32873740792274475,0.5870250463485718,0.31557348370552063,0.43533116579055786,0.3240203857421875,0.5015319585800171,0.332256555557251,0.5829294323921204,0.28194037079811096,0.6123019456863403,0.2707693576812744,0.48396164178848267,0.2876085340976715,0.5640003681182861,0.2984887957572937,0.6439827084541321,0.2376575469970703,0.6542595028877258,0.2268918752670288,0.5526865124702454,0.24397841095924377,0.5908600687980652,0.2582392692565918,0.6448822021484375
0,0.34387457370758057,0.9882512092590332,0.42440682649612427,0.9451724290847778,0.47900813817977905,0.803179144859314,0.5184534788131714,0.679713785648346,0.5635377168655396,0.6234105825424194,0.4377515912055969,0.6045268177986145,0.44169023633003235,0.4449349641799927,0.4398418068885803,0.33682993054389954,0.4365159571170807,0.2514321804046631,0.38833433389663696,0.5982089638710022,0.38533130288124084,0.4197350740432739,0.39402708411216736,0.47375279664993286,0.4004204571247101,0.5659002661705017,0.3395984172821045,0.6159111261367798,0.33899804949760437,0.4579904079437256,0.3520705997943878,0.5051896572113037,0.3587447702884674,0.5912625789642334,0.28768041729927063,0.6489262580871582,0.2888432443141937,0.5212659239768982,0.3043108284473419,0.5389366745948792,0.31280240416526794,0.5972002148628235
0,0.43421533703804016,0.8964968919754028,0.5108464956283569,0.8505527973175049,0.566637396812439,0.7235279083251953,0.6043015122413635,0.6133450865745544,0.6354316473007202,0.5470578670501709,0.5124601125717163,0.5221759080886841,0.5205559730529785,0.36970794200897217,0.5193266272544861,0.2662883698940277,0.5142571926116943,0.18744704127311707,0.46826550364494324,0.5122917890548706,0.4625788629055023,0.35352420806884766,0.4826934039592743,0.3727046251296997,0.497347891330719,0.44006818532943726,0.42483922839164734,0.5232867002487183,0.4215201139450073,0.3736425042152405,0.4466048777103424,0.3942626416683197,0.46172523498535156,0.4646502435207367,0.3786035478115082,0.5479850769042969,0.3782571852207184,0.42951512336730957,0.39943474531173706,0.43210530281066895,0.41493624448776245,0.4821101129055023
0,0.2889639437198639,0.8956278562545776,0.37902018427848816,0.8501628041267395,0.4478245675563812,0.7058363556861877,0.4971449077129364,0.5810338258743286,0.5414437651634216,0.5101485252380371,0.39178916811943054,0.48055723309516907,0.40016308426856995,0.31199896335601807,0.40186843276023865,0.19780001044273376,0.4009930193424225,0.1089215874671936,0.3413392901420593,0.46915003657341003,0.3415817320346832,0.292525053024292,0.3552531898021698,0.3333752751350403,0.36515605449676514,0.41666507720947266,0.29137709736824036,0.4812420606613159,0.2951533794403076,0.31865793466567993,0.3121339976787567,0.35288798809051514,0.3206107020378113,0.43655481934547424,0.2387566864490509,0.508374810218811,0.2463075965642929,0.3727072775363922,0.2642354965209961,0.3791605830192566,0.2742239832878113,0.43789708614349365
0,0.27199599146842957,0.8871043920516968,0.3629399836063385,0.8258826732635498,0.42416566610336304,0.6819297075271606,0.47331327199935913,0.5573459267616272,0.5162211656570435,0.48473072052001953,0.3714592456817627,0.46997061371803284,0.376063734292984,0.3065405488014221,0.371707558631897,0.1968860626220703,0.36940309405326843,0.10552012920379639,0.32216954231262207,0.46336376667022705,0.32556840777397156,0.2775340676307678,0.3263576030731201,0.3292555809020996,0.3291214108467102,0.4211220443248749,0.27074870467185974,0.4781758785247803,0.274750292301178,0.31830936670303345,0.28379401564598083,0.364706426858902,0.28933149576187134,0.4555853605270386,0.21509847044944763,0.5084353685379028,0.22341130673885345,0.37407681345939636,0.23708215355873108,0.38549089431762695,0.24464556574821472,0.4417057931423187
0,0.38250476121902466,0.9514138698577881,0.47166678309440613,0.9069433212280273,0.5329592823982239,0.7605214715003967,0.5742413997650146,0.6357405185699463,0.613570511341095,0.5673004388809204,0.48578232526779175,0.5386379957199097,0.4934050440788269,0.3685797452926636,0.49223875999450684,0.25826728343963623,0.48943716287612915,0.16577959060668945,0.4365302622318268,0.5314176082611084,0.4396207332611084,0.339321494102478,0.45380234718322754,0.39719128608703613,0.4624159634113312,0.49102380871772766,0.3867284059524536,0.5488256216049194,0.38991308212280273,0.378512442111969,0.4107002317905426,0.43592679500579834,0.419504851102829,0.5288882851600647,0.3329240381717682,0.5812268853187561,0.3368785083293915,0.4373290538787842,0.35691124200820923,0.45549315214157104,0.36725860834121704,0.5161119699478149
0,0.3540504276752472,0.9535404443740845,0.4444311559200287,0.9015638828277588,0.5059560537338257,0.751386284828186,0.550600528717041,0.6218598484992981,0.5917167663574219,0.5448712706565857,0.4548346698284149,0.5253300666809082,0.45936688780784607,0.3545619249343872,0.45517557859420776,0.23971521854400635,0.4510880708694458,0.1429353654384613,0.40321749448776245,0.5192784070968628,0.40695449709892273,0.328170508146286,0.4149908423423767,0.3877772092819214,0.4199203848838806,0.4841843247413635,0.3507160246372223,0.5382508635520935,0.3552393913269043,0.3697093725204468,0.3711400330066681,0.42937612533569336,0.3783395290374756,0.5238909125328064,0.29575932025909424,0.5733976364135742,0.3019244074821472,0.4318736791610718,0.31879618763923645,0.44619882106781006,0.32745662331581116,0.5003325343132019
0,0.27982795238494873,0.9761228561401367,0.36975234746932983,0.9180415272712708,0.43628767132759094,0.7700873613357544,0.4819265604019165,0.6397203803062439,0.5247657895088196,0.5550923347473145,0.3890281319618225,0.5399981141090393,0.394941508769989,0.3671398460865021,0.3907086253166199,0.2536258101463318,0.38557368516921997,0.1628187894821167,0.3355709910392761,0.5349470973014832,0.3428044319152832,0.34190696477890015,0.35049161314964294,0.395067423582077,0.3544178903102875,0.4911438226699829,0.2823560833930969,0.5526102185249329,0.2889344096183777,0.384338915348053,0.3036663830280304,0.42799657583236694,0.3114583492279053,0.5196927785873413,0.2252935767173767,0.5866492986679077,0.23153209686279297,0.4431183934211731,0.24850144982337952,0.44450053572654724,0.25879955291748047,0.49541670083999634
0,0.28843867778778076,0.8404099941253662,0.35976001620292664,0.7837778329849243,0.4021683931350708,0.6673206686973572,0.4285532832145691,0.5595118403434753,0.4546636939048767,0.4936567544937134,0.3453824818134308,0.510800302028656,0.342268168926239,0.3773055672645569,0.33481350541114807,0.28860366344451904,0.3295191824436188,0.21838527917861938,0.3059353828430176,0.5093494653701782,0.3026675879955292,0.3598700761795044,0.3117588758468628,0.3869967758655548,0.32184475660324097,0.45583146810531616,0.26702404022216797,0.5248505473136902,0.2636414170265198,0.39619648456573486,0.27765700221061707,0.41857218742370605,0.2908933162689209,0.48879289627075195,0.22477594017982483,0.5529156923294067,0.22172091901302338,0.4457089900970459,0.23664838075637817,0.43761083483695984,0.251071035861969,0.47503018379211426
0,0.37069377303123474,0.9060765504837036,0.4426860809326172,0.8615673184394836,0.4906606078147888,0.7440349459648132,0.5212844014167786,0.6476095914840698,0.5517698526382446,0.5991959571838379,0.44872814416885376,0.5803145170211792,0.453298419713974,0.44699859619140625,0.45352423191070557,0.3596798777580261,0.45265936851501465,0.2947712242603302,0.4099885821342468,0.5733329653739929,0.4146776497364044,0.4266407787799835,0.425351619720459,0.45569777488708496,0.43110620975494385,0.5274926424026489,0.371975302696228,0.5825059413909912,0.3756798803806305,0.45728591084480286,0.39150166511535645,0.48132291436195374,0.40092337131500244,0.5495467185974121,0.32983654737472534,0.6034268140792847,0.33319562673568726,0.4989778697490692,0.3493562936782837,0.492977112531662,0.3617713451385498,0.5288388729095459
0,0.3297545909881592,0.8579857349395752,0.40498921275138855,0.8036450147628784,0.4536270499229431,0.6736544370651245,0.48694679141044617,0.5654245615005493,0.5193512439727783,0.5064679980278015,0.3970637321472168,0.4938841760158539,0.39569416642189026,0.3499210476875305,0.3898271322250366,0.2524028420448303,0.3841855525970459,0.17474430799484253,0.35322320461273193,0.49229326844215393,0.3504094183444977,0.32781416177749634,0.3588470220565796,0.3634018301963806,0.36556434631347656,0.4416230618953705,0.31081730127334595,0.5112177729606628,0.3082314729690552,0.3719726800918579,0.32297492027282715,0.4031672775745392,0.33303555846214294,0.4776139259338379,0.26583248376846313,0.5444937944412231,0.2643062472343445,0.4262463450431824,0.279339462518692,0.42218872904777527,0.2907930016517639,0.46103939414024353
0,0.25639477372169495,0.9927725195884705,0.33714559674263,0.9435979127883911,0.3868824243545532,0.7860027551651001,0.4152057468891144,0.6447279453277588,0.4593215882778168,0.574787437915802,0.3607695698738098,0.6031233668327332,0.37299901247024536,0.4478628635406494,0.37113261222839355,0.3440312445163727,0.369072288274765,0.26350346207618713,0.31300461292266846,0.5945373177528381,0.3220648169517517,0.42751264572143555,0.322666198015213,0.4600902795791626,0.32308459281921387,0.5359151363372803,0.26478251814842224,0.6065749526023865,0.2711132764816284,0.46192699670791626,0.2777453064918518,0.49031150341033936,0.2806105613708496,0.5698589086532593,0.21363306045532227,0.6342412829399109,0.2226148098707199,0.5086561441421509,0.23251256346702576,0.5076428651809692,0.23662269115447998,0.5558555126190186
0,0.27810028195381165,0.838516116142273,0.3541789948940277,0.7836229801177979,0.4032192826271057,0.6608718633651733,0.43386581540107727,0.5575917363166809,0.4578632414340973,0.49433544278144836,0.3597638010978699,0.5205298662185669,0.3737844228744507,0.3848210275173187,0.3769606947898865,0.3008938133716583,0.3786645829677582,0.22917640209197998,0.31843018531799316,0.5126373171806335,0.32354506850242615,0.36699408292770386,0.3310008943080902,0.4268658757209778,0.3335946202278137,0.5060983300209045,0.2757504880428314,0.5237663388252258,0.27754172682762146,0.3952404260635376,0.2915468215942383,0.45788469910621643,0.2970602810382843,0.535554051399231,0.2298704981803894,0.5464109778404236,0.23051156103610992,0.44074752926826477,0.24788898229599,0.46378257870674133,0.25743117928504944,0.5131658911705017
0,0.3404262661933899,0.8530888557434082,0.4013044834136963,0.7899990081787109,0.43575650453567505,0.661857008934021,0.45753398537635803,0.5594483017921448,0.4792415499687195,0.4948950409889221,0.38691654801368713,0.5338386297225952,0.3898487389087677,0.40395587682724,0.38902074098587036,0.3242901861667633,0.3861042857170105,0.2561582326889038,0.34808024764060974,0.5369657278060913,0.34252822399139404,0.39945733547210693,0.3595429062843323,0.4597601592540741,0.3695423901081085,0.5354982018470764,0.3103768229484558,0.5593509078025818,0.30518725514411926,0.44094210863113403,0.32545775175094604,0.5037011504173279,0.335099995136261,0.5759454369544983,0.2710123658180237,0.5927899479866028,0.2639690935611725,0.4926259517669678,0.2830859422683716,0.5094445943832397,0.2947983741760254,0.5494018197059631
0,0.2654392719268799,0.852400541305542,0.33105942606925964,0.7838082313537598,0.37306201457977295,0.6577261686325073,0.40071290731430054,0.5509453415870667,0.42648258805274963,0.4798184633255005,0.3212500214576721,0.5148839950561523,0.32295534014701843,0.38139811158180237,0.31783410906791687,0.29754701256752014,0.31317442655563354,0.22706153988838196,0.2775671184062958,0.518530011177063,0.27228495478630066,0.37458306550979614,0.2835487425327301,0.434938907623291,0.29168227314949036,0.516457200050354,0.23549479246139526,0.5441716313362122,0.22772696614265442,0.418412446975708,0.2454703003168106,0.4763714075088501,0.25730273127555847,0.5516341924667358,0.19244098663330078,0.5816242098808289,0.18150672316551208,0.47846493124961853,0.19923143088817596,0.492374986410141,0.2128293216228485,0.531871497631073
0,0.2813877761363983,0.8499889373779297,0.3443635106086731,0.7790498733520508,0.3819906711578369,0.6528289914131165,0.40876543521881104,0.5450132489204407,0.43241631984710693,0.4696272909641266,0.3303615152835846,0.5150103569030762,0.33303114771842957,0.38048142194747925,0.3301506042480469,0.29764917492866516,0.3263474404811859,0.22674837708473206,0.2892543077468872,0.5174508094787598,0.2852557897567749,0.377102255821228,0.30043113231658936,0.43783700466156006,0.3103313148021698,0.5167027711868286,0.24875110387802124,0.5409966707229614,0.24313262104988098,0.41728514432907104,0.263475239276886,0.4753372073173523,0.2755541205406189,0.5496532320976257,0.20639747381210327,0.5764233469963074,0.19959962368011475,0.4696747064590454,0.21957646310329437,0.48125460743904114,0.2339266836643219,0.5207780599594116
0,0.3775888979434967,0.8864984512329102,0.44267961382865906,0.8283933401107788,0.4821087419986725,0.7072640657424927,0.5072190165519714,0.6060829162597656,0.5314983129501343,0.5402296185493469,0.43538913130760193,0.5582922697067261,0.44254612922668457,0.4229784607887268,0.44601091742515564,0.3399355113506317,0.44580233097076416,0.26902902126312256,0.39766812324523926,0.5565055012702942,0.39980563521385193,0.4103337526321411,0.41755539178848267,0.47194522619247437,0.4254290759563446,0.5512275695800781,0.36023759841918945,0.5738950967788696,0.36148160696029663,0.4442179203033447,0.38299503922462463,0.5060977935791016,0.3910885453224182,0.5818221569061279,0.3196733593940735,0.6024388074874878,0.3188568949699402,0.49028414487838745,0.3377068042755127,0.5049762725830078,0.3467503488063812,0.5475020408630371
0,0.3457674980163574,0.8669582605361938,0.41057687997817993,0.8025026321411133,0.4484713673591614,0.6743268966674805,0.47279489040374756,0.5688768625259399,0.49632754921913147,0.5015503764152527,0.398928701877594,0.532807469367981,0.4022560715675354,0.397399365901947,0.3990219533443451,0.3148980438709259,0.3947799503803253,0.2441224455833435,0.3596664369106293,0.5335955619812012,0.3571641445159912,0.388533353805542,0.3699079155921936,0.4485211670398712,0.37798041105270386,0.5266140699386597,0.32048970460891724,0.5531349182128906,0.31921741366386414,0.4280335307121277,0.337643563747406,0.4892096221446991,0.3471754491329193,0.5641640424728394,0.2793272137641907,0.5844561457633972,0.27764230966567993,0.47553297877311707,0.2944032549858093,0.48605725169181824,0.3041779100894928,0.5244398713111877
0,0.3932349979877472,0.7536777257919312,0.4440620541572571,0.7202465534210205,0.4805702269077301,0.6407923102378845,0.5069290995597839,0.5711480975151062,0.5292876958847046,0.5270392894744873,0.45174381136894226,0.5224503874778748,0.46264946460723877,0.42496371269226074,0.46536558866500854,0.3617461323738098,0.4663276672363281,0.3081820607185364,0.42125198245048523,0.5165916681289673,0.4232286214828491,0.4060424566268921,0.43044930696487427,0.44651564955711365,0.4337848722934723,0.5042088031768799,0.3911357820034027,0.5272664427757263,0.3917407691478729,0.4317956268787384,0.40325114130973816,0.47183993458747864,0.40837347507476807,0.525667130947113,0.3600675165653229,0.5463556051254272,0.35820406675338745,0.4674578607082367,0.37048888206481934,0.4766612946987152,0.3781370222568512,0.506015956401825
1,0.3069855272769928,0.28092724084854126,0.36170271039009094,0.313754141330719,0.4208327531814575,0.36457550525665283,0.4726698398590088,0.3619173467159271,0.5121480226516724,0.32649481296539307,0.3859078884124756,0.3917117416858673,0.3966122269630432,0.5457815527915955,0.3976651132106781,0.6252190470695496,0.3937312960624695,0.68888258934021,0.3415047824382782,0.3927704989910126,0.3545967936515808,0.5746393799781799,0.3607117831707001,0.5354392528533936,0.36248648166656494,0.477222740650177,0.30206629633903503,0.3973310589790344,0.3176678717136383,0.5598974227905273,0.3229607343673706,0.513526976108551,0.3236037492752075,0.4566816985607147,0.26751014590263367,0.40494972467422485,0.28277894854545593,0.5289658308029175,0.29050764441490173,0.49214255809783936,0.29328519105911255,0.4424881041049957
1,0.4025689363479614,0.21306681632995605,0.46882951259613037,0.25995323061943054,0.5387957096099854,0.33598822355270386,0.6027703881263733,0.3505682945251465,0.6544678807258606,0.32811281085014343,0.5051500797271729,0.39924076199531555,0.5137435793876648,0.588184118270874,0.5152731537818909,0.6940474510192871,0.5101198554039001,0.7787432074546814,0.45211508870124817,0.4064237177371979,0.4617795944213867,0.6174982786178589,0.46946340799331665,0.5589087605476379,0.4701160490512848,0.48555001616477966,0.4011469781398773,0.4067685604095459,0.41281917691230774,0.5976503491401672,0.4212234616279602,0.5371509194374084,0.42090874910354614,0.46853867173194885,0.3541905879974365,0.4032517969608307,0.3685266077518463,0.5542963743209839,0.3788488507270813,0.5116031765937805,0.38100671768188477,0.4544452428817749
1,0.29357609152793884,0.24020074307918549,0.3629385530948639,0.2849867343902588,0.4281795918941498,0.3579307496547699,0.49237167835235596,0.3735213279724121,0.5440256595611572,0.3475607931613922,0.37642332911491394,0.41938844323158264,0.3758862316608429,0.626230776309967,0.37683507800102234,0.7325177192687988,0.3690575957298279,0.8183461427688599,0.315578430891037,0.4324311316013336,0.335896760225296,0.6488774418830872,0.3560203015804291,0.5949649214744568,0.355202853679657,0.5211212635040283,0.26527249813079834,0.4373011589050293,0.2893929183483124,0.631888747215271,0.3075488805770874,0.5767894983291626,0.3050585389137268,0.5076159238815308,0.22309531271457672,0.44100821018218994,0.24091443419456482,0.595012366771698,0.25721031427383423,0.5571274757385254,0.2571852505207062,0.5006465911865234
1,0.29968297481536865,0.2304227501153946,0.36807969212532043,0.27841541171073914,0.42701900005340576,0.3473207950592041,0.4871962070465088,0.3623732626438141,0.5374054312705994,0.3366484045982361,0.37063005566596985,0.4129191040992737,0.3724806606769562,0.6104586720466614,0.37376371026039124,0.7147812843322754,0.36693814396858215,0.7964187860488892,0.3117380142211914,0.4208904802799225,0.3367794156074524,0.6373094320297241,0.3596102297306061,0.5941154956817627,0.3598317801952362,0.526624858379364,0.26491206884384155,0.42043477296829224,0.2912940979003906,0.6190789341926575,0.3136219084262848,0.5701367259025574,0.3134811520576477,0.5063964128494263,0.22805780172348022,0.4180698096752167,0.2440611720085144,0.5752005577087402,0.2648424506187439,0.5462881326675415,0.26845794916152954,0.4953156113624573
1,0.4674050211906433,0.5447493195533752,0.5386080741882324,0.5408043265342712,0.6087658405303955,0.5279651880264282,0.6595407724380493,0.49457255005836487,0.7060819268226624,0.4393683671951294,0.5751813650131226,0.48410898447036743,0.5894775986671448,0.6664208173751831,0.5978829860687256,0.7556376457214355,0.6046745777130127,0.8257536888122559,0.5204965472221375,0.4756174683570862,0.5325737595558167,0.7000012397766113,0.5233925580978394,0.6476356983184814,0.5206173658370972,0.5677527189254761,0.46937328577041626,0.483534038066864,0.4864271879196167,0.6873770952224731,0.485771119594574,0.6330357789993286,0.4899246096611023,0.5615655779838562,0.42602598667144775,0.4965832531452179,0.4397106468677521,0.6544256210327148,0.44298920035362244,0.6188710927963257,0.4389451742172241,0.5577911734580994
1,0.475845068693161,0.5105303525924683,0.535493016242981,0.5070487260818481,0.6072685718536377,0.4911739230155945,0.6596708297729492,0.4598427414894104,0.7051964998245239,0.4111061692237854,0.5791609287261963,0.4480859041213989,0.5891988277435303,0.636642575263977,0.5915817022323608,0.7227970957756042,0.5905513167381287,0.7919409871101379,0.524712860584259,0.4366151690483093,0.5296859741210938,0.664313554763794,0.517402172088623,0.6116871237754822,0.5119622349739075,0.5312129259109497,0.47316235303878784,0.4450131952762604,0.4825047254562378,0.6478261947631836,0.48027288913726807,0.5937055945396423,0.48374703526496887,0.5220296382904053,0.42886102199554443,0.45891091227531433,0.4382108151912689,0.614391565322876,0.4399120509624481,0.577727735042572,0.43672946095466614,0.5179569721221924
1,0.4748919606208801,0.5019055604934692,0.5315221548080444,0.49902066588401794,0.6008250713348389,0.4730522334575653,0.6502110958099365,0.4407655894756317,0.6946933269500732,0.39276883006095886,0.5718276500701904,0.4260460436344147,0.5749693512916565,0.6037672758102417,0.5752990245819092,0.6927906274795532,0.5747969150543213,0.7654080390930176,0.5153890252113342,0.4134266972541809,0.5160989761352539,0.6382502913475037,0.5086811780929565,0.6021055579185486,0.5049582123756409,0.5298672318458557,0.46468427777290344,0.4249994158744812,0.46865659952163696,0.6209625601768494,0.4687594771385193,0.5769031643867493,0.47211015224456787,0.5112512111663818,0.42116090655326843,0.4403831362724304,0.42770901322364807,0.5923051834106445,0.43078377842903137,0.5616516470909119,0.4282708764076233,0.5083582401275635
1,0.232553631067276,0.4713050127029419,0.28658178448677063,0.47582143545150757,0.33867496252059937,0.4358809292316437,0.38521575927734375,0.3970556855201721,0.41975468397140503,0.3469330370426178,0.289017915725708,0.37300458550453186,0.2841465175151825,0.5346941351890564,0.2704388499259949,0.6208157539367676,0.25835657119750977,0.6848630309104919,0.23451262712478638,0.3684019148349762,0.23869597911834717,0.5533974170684814,0.24618512392044067,0.5101708173751831,0.2498677521944046,0.47223079204559326,0.1926138997077942,0.38557085394859314,0.20003631711006165,0.5545235276222229,0.20713549852371216,0.5152410268783569,0.21180695295333862,0.4723541736602783,0.15610374510288239,0.4163285195827484,0.1652975231409073,0.5275570154190063,0.1739358901977539,0.4994346499443054,0.1753758192062378,0.46327659487724304
1,0.22348663210868835,0.4861935079097748,0.27450674772262573,0.495500773191452,0.3225984275341034,0.45981553196907043,0.365677148103714,0.4239945709705353,0.39767855405807495,0.37208983302116394,0.27054840326309204,0.39246052503585815,0.2561349868774414,0.5351162552833557,0.23920463025569916,0.6189120411872864,0.22327545285224915,0.6817886233329773,0.22048576176166534,0.38202571868896484,0.21452856063842773,0.5525131821632385,0.22850401699543,0.533970057964325,0.23812104761600494,0.5147338509559631,0.18231463432312012,0.39438191056251526,0.1819418966770172,0.5531920194625854,0.19330263137817383,0.5301855802536011,0.20107239484786987,0.49932026863098145,0.14993637800216675,0.42126592993736267,0.15359149873256683,0.5282522439956665,0.16552041471004486,0.5129868984222412,0.1702197641134262,0.486898273229599
1,0.43665769696235657,0.5081993937492371,0.49016010761260986,0.5149197578430176,0.5450729131698608,0.5116026997566223,0.5720313191413879,0.4946499466896057,0.5946611762046814,0.47222059965133667,0.5399483442306519,0.4470612108707428,0.5522885322570801,0.618513822555542,0.553121030330658,0.7093232274055481,0.5553157925605774,0.7787966728210449,0.48266443610191345,0.43525245785713196,0.49151042103767395,0.658647358417511,0.4798903465270996,0.6263495683670044,0.47614461183547974,0.5528995394706726,0.4305623769760132,0.4519226551055908,0.44394218921661377,0.6502611637115479,0.4410875141620636,0.6055948734283447,0.4407948851585388,0.54132080078125,0.3847883641719818,0.4728907346725464,0.39808759093284607,0.6148843765258789,0.40151843428611755,0.5791602730751038,0.399730920791626,0.5251418352127075
1,0.2876094877719879,0.42831528186798096,0.36184796690940857,0.4301917850971222,0.4463343620300293,0.3885799050331116,0.50649094581604,0.3536820411682129,0.5591469407081604,0.2958984673023224,0.39097076654434204,0.34407761693000793,0.3944387435913086,0.5609339475631714,0.3950185477733612,0.6733304262161255,0.39131253957748413,0.7596110105514526,0.320699006319046,0.33809494972229004,0.32666200399398804,0.6048409938812256,0.32349979877471924,0.5535848140716553,0.3157746195793152,0.4712464213371277,0.26153653860092163,0.36208587884902954,0.27316921949386597,0.5958895683288574,0.27411237359046936,0.5357716679573059,0.27728891372680664,0.45727646350860596,0.21216918528079987,0.39038798213005066,0.2257789522409439,0.566785454750061,0.23312298953533173,0.5213110446929932,0.2336997091770172,0.4554852247238159
1,0.25446879863739014,0.49028781056404114,0.3060309588909149,0.4908256232738495,0.35469672083854675,0.4572834074497223,0.4003036916255951,0.42507582902908325,0.43595361709594727,0.3778160810470581,0.30567410588264465,0.4002698063850403,0.3064938187599182,0.5447776913642883,0.30170729756355286,0.6244269609451294,0.2964984178543091,0.6848437190055847,0.2543157637119293,0.39708706736564636,0.26141995191574097,0.5608873963356018,0.2692299485206604,0.5270872712135315,0.27364805340766907,0.4951973557472229,0.21541982889175415,0.41394704580307007,0.2238278090953827,0.55940181016922,0.2296358346939087,0.526724636554718,0.23361262679100037,0.49025312066078186,0.183371901512146,0.4427810609340668,0.1926349252462387,0.534529983997345,0.20130062103271484,0.5092914700508118,0.2031962126493454,0.4794427752494812
1,0.28885596990585327,0.6093798875808716,0.3586033582687378,0.6084270477294922,0.42081016302108765,0.5414026379585266,0.4790094792842865,0.48406654596328735,0.5263500809669495,0.41314512491226196,0.341244637966156,0.4534473419189453,0.34181612730026245,0.6513088941574097,0.33190542459487915,0.7732132077217102,0.32076534628868103,0.8649454116821289,0.2725255787372589,0.454037606716156,0.2791976034641266,0.6920795440673828,0.2959185838699341,0.6668431758880615,0.308032363653183,0.634269118309021,0.22107566893100739,0.48485520482063293,0.23228482902050018,0.6979343295097351,0.24651166796684265,0.671744167804718,0.2548352777957916,0.6303508281707764,0.17868144810199738,0.533139705657959,0.1875903308391571,0.6680978536605835,0.2034567892551422,0.6490384936332703,0.21026593446731567,0.6149981021881104
1,0.31569594144821167,0.23448395729064941,0.37680357694625854,0.2715754806995392,0.4330081045627594,0.3376270532608032,0.488590270280838,0.3556738793849945,0.5337019562721252,0.3339947760105133,0.3881160020828247,0.4104298949241638,0.3990660607814789,0.5902191400527954,0.40412503480911255,0.6834931373596191,0.400942325592041,0.7581171989440918,0.3350446820259094,0.42558029294013977,0.3616154193878174,0.6199672222137451,0.37866947054862976,0.5751983523368835,0.3755464553833008,0.5138733386993408,0.29159015417099,0.4317961037158966,0.3199438750743866,0.6036279201507568,0.3382222056388855,0.5563797950744629,0.33555418252944946,0.5000625848770142,0.2562544047832489,0.4365253150463104,0.2796136140823364,0.5797290802001953,0.2959974408149719,0.5511468052864075,0.2958786189556122,0.5059500932693481
1,0.3502678871154785,0.20712392032146454,0.40574705600738525,0.23435676097869873,0.4673600196838379,0.28558555245399475,0.5213660597801208,0.29083898663520813,0.5648940801620483,0.27019941806793213,0.44178158044815063,0.3364933729171753,0.45390960574150085,0.4984707832336426,0.4575332999229431,0.5876551866531372,0.4546283185482025,0.6601197719573975,0.39824265241622925,0.34885677695274353,0.416939377784729,0.5336148738861084,0.42222994565963745,0.4876388907432556,0.4191381335258484,0.4283329248428345,0.35564664006233215,0.36019736528396606,0.37494826316833496,0.5258592367172241,0.3801397979259491,0.4732731580734253,0.3765040934085846,0.4168235957622528,0.3148908317089081,0.37040916085243225,0.3343859612941742,0.502694845199585,0.34065982699394226,0.463860422372818,0.3386083245277405,0.4141218662261963
1,0.46253639459609985,0.16074217855930328,0.5172634720802307,0.18928082287311554,0.5804388523101807,0.24972015619277954,0.6326601505279541,0.2692953050136566,0.6762510538101196,0.2532244324684143,0.563693106174469,0.29884985089302063,0.5741837024688721,0.4567905366420746,0.5741952657699585,0.5464069247245789,0.5701075792312622,0.6157418489456177,0.5226837396621704,0.3031085133552551,0.5286825895309448,0.4844505488872528,0.5227104425430298,0.4361531734466553,0.5192769765853882,0.37015819549560547,0.4792340397834778,0.3069230616092682,0.48836544156074524,0.46865853667259216,0.4839950501918793,0.4174150228500366,0.480718195438385,0.3571908175945282,0.4368528723716736,0.3118486702442169,0.451809823513031,0.4420457184314728,0.4523810148239136,0.400847852230072,0.45102858543395996,0.3453815281391144
1,0.4472872316837311,0.19809719920158386,0.5045881271362305,0.22257152199745178,0.568175733089447,0.2794104814529419,0.6198688745498657,0.29696136713027954,0.6633596420288086,0.28596681356430054,0.5508981943130493,0.3339563012123108,0.5625017285346985,0.49217352271080017,0.5630208849906921,0.5802079439163208,0.5592417120933533,0.6492282152175903,0.5104441046714783,0.34136733412742615,0.519245445728302,0.5199273824691772,0.5121771097183228,0.477353036403656,0.5070500373840332,0.4154721200466156,0.4670186936855316,0.3479101359844208,0.4798744320869446,0.5082963109016418,0.4751136004924774,0.46302497386932373,0.47096559405326843,0.405820369720459,0.42440056800842285,0.35423216223716736,0.4416942298412323,0.48464691638946533,0.4435025751590729,0.44749730825424194,0.44226810336112976,0.3943087160587311
1,0.36910638213157654,0.19062131643295288,0.42229169607162476,0.2241755574941635,0.47333985567092896,0.28520962595939636,0.5250579714775085,0.300506055355072,0.5686014890670776,0.2853240966796875,0.44065192341804504,0.33052098751068115,0.4448922872543335,0.4882529675960541,0.44445672631263733,0.5740141868591309,0.43736201524734497,0.6414192318916321,0.3952854573726654,0.3384768068790436,0.4096531271934509,0.5182600021362305,0.425284743309021,0.4812766909599304,0.427524209022522,0.4267727732658386,0.35565420985221863,0.3418876826763153,0.37142327427864075,0.5018937587738037,0.38670313358306885,0.4608549177646637,0.387725830078125,0.4100927412509918,0.32120412588119507,0.343416303396225,0.3359892666339874,0.47693896293640137,0.3504912257194519,0.4540574252605438,0.35403215885162354,0.4125892221927643
1,0.373258113861084,0.1798315942287445,0.42577916383743286,0.21667766571044922,0.4758000075817108,0.2768966257572174,0.5264331698417664,0.29439711570739746,0.5683615207672119,0.2781177759170532,0.4422030448913574,0.31665879487991333,0.442857027053833,0.4750855267047882,0.44203513860702515,0.5594041347503662,0.4349503219127655,0.6253629922866821,0.39626508951187134,0.32449132204055786,0.40929821133613586,0.5020989179611206,0.425370991230011,0.4656710624694824,0.427036851644516,0.4108196496963501,0.35687145590782166,0.32827815413475037,0.3722017705440521,0.4881826639175415,0.3882865011692047,0.4484533965587616,0.3892984092235565,0.39729389548301697,0.3228623867034912,0.33068880438804626,0.3355350196361542,0.46116822957992554,0.3503063917160034,0.4370490312576294,0.3535385727882385,0.3945731818675995
1,0.4734809696674347,0.23566193878650665,0.5311830043792725,0.26195746660232544,0.5966466069221497,0.31966546177864075,0.650078535079956,0.3362545669078827,0.6957079172134399,0.32581207156181335,0.5831589102745056,0.38535284996032715,0.5952914953231812,0.5496286749839783,0.5959450006484985,0.6411780714988708,0.5931438207626343,0.7136666178703308,0.5437741279602051,0.39094358682632446,0.5481760501861572,0.5769791603088379,0.5380284190177917,0.5316239595413208,0.5344263315200806,0.46781447529792786,0.4993380904197693,0.39595651626586914,0.5075518488883972,0.5622174739837646,0.4992567002773285,0.5133411884307861,0.4959973096847534,0.45343610644340515,0.4545082449913025,0.39975202083587646,0.4696134328842163,0.534156858921051,0.4682880640029907,0.494693785905838,0.4664556682109833,0.44008955359458923
2,0.39387989044189453,0.6435623168945312,0.4380473792552948,0.6007652282714844,0.46165692806243896,0.5165959000587463,0.47067612409591675,0.44021475315093994,0.4658619165420532,0.38297128677368164,0.4485919773578644,0.43576285243034363,0.45254796743392944,0.34945860505104065,0.45331069827079773,0.3706037700176239,0.4511284828186035,0.41565629839897156,0.4208585023880005,0.43258756399154663,0.4192722737789154,0.32907623052597046,0.4227674901485443,0.3665098547935486,0.4242817759513855,0.41985049843788147,0.3938779830932617,0.4401097297668457,0.39233046770095825,0.35062143206596375,0.40012988448143005,0.3879186809062958,0.4029178023338318,0.44004443287849426,0.3665507733821869,0.454515665769577,0.3677349090576172,0.38548317551612854,0.37605020403862,0.4027782678604126,0.37933963537216187,0.43889233469963074
2,0.3985151946544647,0.7530050873756409,0.4556909203529358,0.6922576427459717,0.4873833656311035,0.6029695868492126,0.4986816346645355,0.5161203145980835,0.4691178500652313,0.4860641062259674,0.4563840329647064,0.5213844776153564,0.4595031142234802,0.4341597259044647,0.4689522683620453,0.4606647491455078,0.47125545144081116,0.5069299340248108,0.42811957001686096,0.5161079168319702,0.4282311499118805,0.4173825979232788,0.4401427209377289,0.4579954445362091,0.4436240792274475,0.5144833326339722,0.39915427565574646,0.5213031768798828,0.39950594305992126,0.4231906831264496,0.4140926003456116,0.4584878385066986,0.4181285500526428,0.5151963233947754,0.367089182138443,0.5350135564804077,0.37304770946502686,0.45825836062431335,0.3877730965614319,0.4734592139720917,0.39394548535346985,0.5150064826011658
2,0.2940141260623932,0.7015016078948975,0.34776952862739563,0.6464380621910095,0.3767426609992981,0.551005482673645,0.3823433220386505,0.4595184922218323,0.3708394169807434,0.39854225516319275,0.3553523123264313,0.46084433794021606,0.3554333746433258,0.3753492534160614,0.362617552280426,0.3696317672729492,0.36592915654182434,0.39850181341171265,0.32409435510635376,0.4573080241680145,0.31899556517601013,0.3513244390487671,0.3281687796115875,0.3741380572319031,0.33285441994667053,0.4313465356826782,0.2938779294490814,0.46748581528663635,0.28981390595436096,0.37129929661750793,0.3015088438987732,0.3937893807888031,0.30716994404792786,0.4511655569076538,0.26086586713790894,0.48631200194358826,0.26168641448020935,0.40812698006629944,0.27322518825531006,0.4143504500389099,0.27979186177253723,0.45427820086479187
2,0.33639204502105713,0.7579617500305176,0.39355066418647766,0.7001263499259949,0.42658066749572754,0.5951529145240784,0.4461221694946289,0.4980265200138092,0.4331222176551819,0.43455472588539124,0.40370655059814453,0.489704430103302,0.4063194990158081,0.3854191303253174,0.4120182991027832,0.4075104296207428,0.41369062662124634,0.45872828364372253,0.3680306673049927,0.48524633049964905,0.36552029848098755,0.3589819371700287,0.3741247355937958,0.40503382682800293,0.3780296742916107,0.4736770987510681,0.3332751393318176,0.49580398201942444,0.3300192058086395,0.382692813873291,0.3431910276412964,0.4254674017429352,0.34879881143569946,0.4900890588760376,0.29740774631500244,0.5155079364776611,0.29791975021362305,0.4296411871910095,0.31113243103027344,0.44987040758132935,0.3180667757987976,0.49657535552978516
2,0.33373287320137024,0.7585598230361938,0.3888236880302429,0.7060077786445618,0.41898056864738464,0.592994749546051,0.4386979341506958,0.4964013397693634,0.4297388195991516,0.43950963020324707,0.39251643419265747,0.49095970392227173,0.39715147018432617,0.3838818669319153,0.4080643355846405,0.4047321677207947,0.40984871983528137,0.45958438515663147,0.358406126499176,0.48688143491744995,0.3550991714000702,0.35710853338241577,0.36764010787010193,0.40242233872413635,0.3711903989315033,0.4705197215080261,0.3246725797653198,0.4980543851852417,0.3201419711112976,0.3838267922401428,0.3368842303752899,0.42887330055236816,0.3427632451057434,0.49516528844833374,0.28941163420677185,0.5176388621330261,0.28975626826286316,0.4290989637374878,0.3048962354660034,0.4476281702518463,0.3121080994606018,0.49296748638153076
2,0.4241024851799011,0.8710286617279053,0.4858562648296356,0.8285321593284607,0.524617612361908,0.7216977477073669,0.5409404039382935,0.622876763343811,0.5384854078292847,0.5496665239334106,0.4917899966239929,0.5789981484413147,0.5038248896598816,0.4639779329299927,0.5204936265945435,0.5093766450881958,0.5230332016944885,0.5751437544822693,0.4540896713733673,0.5723603367805481,0.4611547589302063,0.43748998641967773,0.4803646206855774,0.5009195804595947,0.4833352863788605,0.5781930685043335,0.41709497570991516,0.580860435962677,0.4187783896923065,0.4527883529663086,0.4390619993209839,0.512948215007782,0.44353219866752625,0.5826513767242432,0.38008227944374084,0.6014670133590698,0.3832830488681793,0.5072173476219177,0.40002018213272095,0.5378649830818176,0.4050196707248688,0.5871245861053467
2,0.377354234457016,0.8282338976860046,0.4396405816078186,0.7739816308021545,0.4725804030895233,0.6527624130249023,0.4888976812362671,0.5499963760375977,0.48655736446380615,0.4966556429862976,0.44167372584342957,0.5323173403739929,0.4503292739391327,0.41693955659866333,0.46523410081863403,0.46066218614578247,0.4641674757003784,0.5268927216529846,0.4057067334651947,0.527683675289154,0.4080449938774109,0.3907158374786377,0.42599451541900635,0.4562883973121643,0.42624297738075256,0.5321369767189026,0.3700152635574341,0.5376425981521606,0.3681200444698334,0.4111647307872772,0.38992488384246826,0.4709421992301941,0.3934495449066162,0.5452255606651306,0.33286619186401367,0.5569089651107788,0.3334321677684784,0.4616386592388153,0.3523920178413391,0.48627591133117676,0.35864096879959106,0.5342211723327637
2,0.3770691454410553,0.786285400390625,0.4412827789783478,0.7413724660873413,0.4800718128681183,0.624360203742981,0.5032285451889038,0.527005136013031,0.5170777440071106,0.46138796210289,0.46080446243286133,0.4814795255661011,0.47844937443733215,0.36088645458221436,0.49400097131729126,0.41497164964675903,0.49156177043914795,0.4856145977973938,0.42327970266342163,0.468898743391037,0.4381222426891327,0.3282725512981415,0.45283883810043335,0.41132447123527527,0.44767603278160095,0.4938991069793701,0.3840215802192688,0.47184333205223083,0.3896666467189789,0.33943694829940796,0.4084555506706238,0.4184775948524475,0.407964289188385,0.5013120770454407,0.34139013290405273,0.48609796166419983,0.3478326201438904,0.3870009183883667,0.3667169213294983,0.4295666217803955,0.37012460827827454,0.48887819051742554
2,0.3661738932132721,0.758772611618042,0.4289982318878174,0.7138727903366089,0.46442484855651855,0.5924936532974243,0.4828684628009796,0.49169474840164185,0.4932069778442383,0.4340622127056122,0.43989187479019165,0.4593282639980316,0.45386838912963867,0.34039628505706787,0.4697754383087158,0.38549792766571045,0.46904781460762024,0.456016480922699,0.4022026062011719,0.4508628249168396,0.4107521176338196,0.3096175193786621,0.4270649552345276,0.38108623027801514,0.42558008432388306,0.46239349246025085,0.36444735527038574,0.45915040373802185,0.3656401038169861,0.3270803689956665,0.38551437854766846,0.39125514030456543,0.3877624273300171,0.4698217809200287,0.324593186378479,0.4784834682941437,0.3252395689487457,0.38304373621940613,0.34333834052085876,0.40796059370040894,0.34914594888687134,0.4551622271537781
2,0.2949741780757904,0.7036070823669434,0.3592863380908966,0.6451737880706787,0.39628228545188904,0.5255968570709229,0.4165528416633606,0.4185869097709656,0.4011583626270294,0.34922870993614197,0.36607739329338074,0.4052756428718567,0.36797013878822327,0.286591112613678,0.3764338791370392,0.3213348686695099,0.37769919633865356,0.386467844247818,0.3259127140045166,0.39937716722488403,0.3221559226512909,0.25858256220817566,0.332784503698349,0.3138417601585388,0.3359038233757019,0.3888852298259735,0.2858559489250183,0.4103507697582245,0.2812064588069916,0.28360605239868164,0.29645562171936035,0.3372109830379486,0.3020756244659424,0.4092637002468109,0.24517610669136047,0.43106508255004883,0.24345901608467102,0.33248692750930786,0.25907644629478455,0.35445213317871094,0.26710647344589233,0.40195855498313904
2,0.3015282154083252,0.7236846089363098,0.3633002042770386,0.669090747833252,0.40015536546707153,0.5517222881317139,0.4229385256767273,0.44666817784309387,0.409697949886322,0.3740001320838928,0.36744335293769836,0.4277445077896118,0.374935120344162,0.31112581491470337,0.3858269155025482,0.3537021577358246,0.3849232792854309,0.4179708957672119,0.3290008306503296,0.4207424521446228,0.3304273784160614,0.28015071153640747,0.34277310967445374,0.345481812953949,0.34405654668807983,0.4221181869506836,0.29034292697906494,0.4307306706905365,0.28843986988067627,0.30126404762268066,0.3058187663555145,0.36190471053123474,0.3110310733318329,0.4375554919242859,0.2505582571029663,0.45084813237190247,0.25011110305786133,0.3536110818386078,0.2685047686100006,0.37799298763275146,0.27792418003082275,0.428303062915802
2,0.3138987123966217,0.7266327142715454,0.37561333179473877,0.6765421628952026,0.4127233028411865,0.5600838661193848,0.4353613555431366,0.4591672122478485,0.42686063051223755,0.39579764008522034,0.38338926434516907,0.43680620193481445,0.3928464651107788,0.3216134011745453,0.4035590887069702,0.36525461077690125,0.4009570777416229,0.42827314138412476,0.3456495702266693,0.4278726577758789,0.34827539324760437,0.2876977026462555,0.36123669147491455,0.3529532253742218,0.3613225817680359,0.42739546298980713,0.3073972463607788,0.4353214204311371,0.3065320551395416,0.30944332480430603,0.3237188160419464,0.37118348479270935,0.3272124230861664,0.44527482986450195,0.2680240869522095,0.45306816697120667,0.2686493396759033,0.35782867670059204,0.2859150767326355,0.3831746578216553,0.29328417778015137,0.4312431514263153
2,0.2975500524044037,0.7278715372085571,0.3608771562576294,0.6796392798423767,0.3985018730163574,0.560330867767334,0.4180711507797241,0.454947829246521,0.40945208072662354,0.38782036304473877,0.3669426143169403,0.431522935628891,0.37598010897636414,0.30909356474876404,0.3873358368873596,0.35558247566223145,0.38538697361946106,0.4221150577068329,0.32799863815307617,0.4227401614189148,0.330757737159729,0.2775647044181824,0.34380441904067993,0.34578731656074524,0.34396201372146606,0.42286109924316406,0.28893744945526123,0.43165481090545654,0.28815364837646484,0.298566073179245,0.3053671419620514,0.3631225824356079,0.3089861571788788,0.4394543766975403,0.24892398715019226,0.45135942101478577,0.24828708171844482,0.35078009963035583,0.26590240001678467,0.3766290545463562,0.27363091707229614,0.425884872674942
2,0.31217777729034424,0.7384179830551147,0.3764563202857971,0.6862655878067017,0.4138267934322357,0.5692263245582581,0.43463587760925293,0.46506455540657043,0.42882102727890015,0.3939381539821625,0.38424432277679443,0.43911540508270264,0.39587098360061646,0.32189369201660156,0.4068503975868225,0.37085771560668945,0.4035780429840088,0.43611207604408264,0.34602275490760803,0.4288361966609955,0.35213398933410645,0.2873176336288452,0.36483731865882874,0.3585366904735565,0.3638319969177246,0.43551549315452576,0.3070109188556671,0.43499955534935,0.3083033263683319,0.30548810958862305,0.3257812559604645,0.3713318109512329,0.3285384476184845,0.4478870928287506,0.26644662022590637,0.4522312879562378,0.26923173666000366,0.3534497618675232,0.28783878684043884,0.38315168023109436,0.29509302973747253,0.4357728958129883
2,0.3373979926109314,0.756546139717102,0.41045278310775757,0.7051585912704468,0.4586694538593292,0.5695885419845581,0.4873071610927582,0.44769158959388733,0.48005419969558716,0.36395958065986633,0.4329843819141388,0.41251805424690247,0.4463822543621063,0.28238222002983093,0.45244720578193665,0.34487423300743103,0.44719192385673523,0.42473840713500977,0.38614970445632935,0.39925873279571533,0.3953200578689575,0.24424003064632416,0.4030820429325104,0.335196852684021,0.400606632232666,0.4281155467033386,0.33927568793296814,0.40596747398376465,0.343033105134964,0.263032466173172,0.356148898601532,0.34864330291748047,0.35762444138526917,0.4379936158657074,0.2911226451396942,0.42525747418403625,0.2932382822036743,0.3189347982406616,0.30916905403137207,0.35556405782699585,0.31598764657974243,0.4097393751144409
2,0.284005343914032,0.7119895219802856,0.3314754366874695,0.6693838834762573,0.36504051089286804,0.5772426724433899,0.3870820999145508,0.4970456659793854,0.3882363438606262,0.4371045231819153,0.3412293493747711,0.4588926136493683,0.35192030668258667,0.356494665145874,0.36565253138542175,0.3962736129760742,0.3656363785266876,0.4528805911540985,0.30798596143722534,0.4522620141506195,0.317341148853302,0.3310827910900116,0.33187296986579895,0.3943482041358948,0.3291073739528656,0.46354541182518005,0.27404695749282837,0.4607918858528137,0.27701571583747864,0.3470059037208557,0.2949899733066559,0.40723949670791626,0.29679808020591736,0.4713076055049896,0.23843201994895935,0.479437917470932,0.23886144161224365,0.3936431109905243,0.2568727135658264,0.4223514199256897,0.2626655101776123,0.46717527508735657
2,0.38935425877571106,0.8765732049942017,0.4545648992061615,0.8291208148002625,0.5024491548538208,0.7035118341445923,0.5342878699302673,0.5992274284362793,0.5394489169120789,0.5178816914558411,0.47780802845954895,0.5358344316482544,0.49650001525878906,0.4149177074432373,0.5105781555175781,0.5024198293685913,0.5032044053077698,0.5822036266326904,0.4344298839569092,0.5235690474510193,0.4513864815235138,0.3814080059528351,0.4672808349132538,0.4961918890476227,0.45935794711112976,0.5852062106132507,0.389913409948349,0.5305272340774536,0.39677226543426514,0.3926852345466614,0.4180069863796234,0.49554044008255005,0.4154616892337799,0.5807190537452698,0.34263500571250916,0.5519374012947083,0.34845632314682007,0.44184428453445435,0.3718148171901703,0.4943122863769531,0.3760439157485962,0.5555471777915955
2,0.2916845679283142,0.8890968561172485,0.3704221844673157,0.8080278635025024,0.4064835011959076,0.6676549911499023,0.41615158319473267,0.5468696355819702,0.4157710671424866,0.4717884957790375,0.3837778568267822,0.5333654284477234,0.3944917917251587,0.4003896713256836,0.40421062707901,0.43122562766075134,0.40216320753097534,0.49886852502822876,0.34028902649879456,0.5206190943717957,0.34491094946861267,0.3648611307144165,0.35698920488357544,0.4282548427581787,0.3566056489944458,0.5147179365158081,0.2960115075111389,0.5249488949775696,0.29795101284980774,0.3882761597633362,0.31408578157424927,0.45040789246559143,0.31462475657463074,0.5350303649902344,0.2476051151752472,0.5423203706741333,0.25392600893974304,0.4334452450275421,0.27051931619644165,0.46536871790885925,0.2748587727546692,0.5266833901405334
2,0.396351158618927,0.8876908421516418,0.4645119905471802,0.809245228767395,0.4948852062225342,0.6605225801467896,0.5071249604225159,0.5474116802215576,0.5248120427131653,0.47743692994117737,0.4649854302406311,0.5325754284858704,0.48026084899902344,0.39681118726730347,0.4977529048919678,0.4517449736595154,0.49448975920677185,0.5271616578102112,0.4244996905326843,0.5275327563285828,0.43339625000953674,0.37037885189056396,0.45680955052375793,0.4543168544769287,0.4560167193412781,0.5470293164253235,0.3844722509384155,0.5375001430511475,0.38500916957855225,0.3934195637702942,0.41226691007614136,0.466755747795105,0.41520512104034424,0.5550590753555298,0.3401223421096802,0.5596751570701599,0.3413422703742981,0.4448937773704529,0.36534714698791504,0.4774715006351471,0.372625470161438,0.5398387908935547
2,0.39674893021583557,0.8933073282241821,0.46354740858078003,0.8179723620414734,0.4941089153289795,0.6732416749000549,0.5044982433319092,0.5609588027000427,0.5147812962532043,0.48517054319381714,0.4628340005874634,0.5366682410240173,0.47749361395835876,0.40369439125061035,0.4977262318134308,0.46030399203300476,0.49735385179519653,0.5358067154884338,0.4231990873813629,0.5318500399589539,0.433133989572525,0.37495970726013184,0.45679742097854614,0.46046584844589233,0.4555402994155884,0.5518268942832947,0.3829348385334015,0.5421719551086426,0.3832491636276245,0.3984526991844177,0.41062939167022705,0.4723500609397888,0.41318580508232117,0.5609622001647949,0.33833715319633484,0.564955472946167,0.34079718589782715,0.4517911970615387,0.3653980493545532,0.4852813482284546,0.3720378577709198,0.5481763482093811
3,0.37164273858070374,0.89863121509552,0.4417363703250885,0.8073770999908447,0.46860140562057495,0.678109884262085,0.4735128879547119,0.5649896860122681,0.4733455777168274,0.47367459535598755,0.4313125014305115,0.563944399356842,0.44210490584373474,0.43425118923187256,0.44574934244155884,0.3510693311691284,0.446620374917984,0.27637284994125366,0.39769110083580017,0.5513288974761963,0.408742755651474,0.4084801971912384,0.4144059121608734,0.31221112608909607,0.4190512001514435,0.22974801063537598,0.3634260892868042,0.5606549382209778,0.3718792498111725,0.42526134848594666,0.37905266880989075,0.3340124487876892,0.38572943210601807,0.2578297555446625,0.32689762115478516,0.5880677700042725,0.3327717185020447,0.4822252094745636,0.33910152316093445,0.41002392768859863,0.34629499912261963,0.3439685106277466
3,0.23072174191474915,0.8675364851951599,0.30512505769729614,0.7677856683731079,0.3371349573135376,0.6422794461250305,0.34715789556503296,0.5260953903198242,0.3450477719306946,0.4267442226409912,0.30002567172050476,0.524941623210907,0.30813518166542053,0.3898833990097046,0.30811381340026855,0.30222558975219727,0.30488428473472595,0.22306236624717712,0.2647111713886261,0.5130556225776672,0.27252092957496643,0.36744382977485657,0.2743983566761017,0.26726439595222473,0.27472546696662903,0.18198707699775696,0.22803792357444763,0.5235517024993896,0.23461006581783295,0.3866986334323883,0.24006247520446777,0.29358962178230286,0.244175985455513,0.21771490573883057,0.18757931888103485,0.5524100661277771,0.19318386912345886,0.4429500102996826,0.1993521749973297,0.36864060163497925,0.20596270263195038,0.3022107183933258
3,0.3106473386287689,0.8384541273117065,0.3661194145679474,0.7695488929748535,0.3873855173587799,0.654296338558197,0.38947486877441406,0.5542016625404358,0.3899434804916382,0.47572579979896545,0.3561174273490906,0.5567411184310913,0.3619793951511383,0.4443911910057068,0.36164936423301697,0.3706023097038269,0.35856524109840393,0.305438756942749,0.3248315155506134,0.54920494556427,0.3316047489643097,0.4251812994480133,0.334368497133255,0.3415437936782837,0.3360714018344879,0.2706895172595978,0.2941574454307556,0.5615955591201782,0.298105925321579,0.44431304931640625,0.3023741841316223,0.36494696140289307,0.3062758445739746,0.29822811484336853,0.26227515935897827,0.5889772176742554,0.2642425000667572,0.49795466661453247,0.2682875692844391,0.4345411956310272,0.2735954821109772,0.37602168321609497
3,0.30419138073921204,0.8616001009941101,0.35789158940315247,0.7816091775894165,0.37814387679100037,0.6700757741928101,0.3805597424507141,0.5739291310310364,0.37684229016304016,0.4938642084598541,0.34223154187202454,0.5706907510757446,0.34584882855415344,0.4622443616390228,0.34636181592941284,0.39078205823898315,0.3450893461704254,0.3274618983268738,0.3113571107387543,0.5655332207679749,0.31532204151153564,0.44299304485321045,0.31760644912719727,0.3603830337524414,0.3202113211154938,0.29012924432754517,0.280823677778244,0.5787314176559448,0.28279951214790344,0.45993608236312866,0.2859504222869873,0.3813324570655823,0.29018595814704895,0.3162960708141327,0.2491513043642044,0.6068583726882935,0.25122228264808655,0.516322910785675,0.2550790309906006,0.45382022857666016,0.2599305510520935,0.3973020911216736
3,0.25544607639312744,0.8889672756195068,0.30709943175315857,0.7987679243087769,0.32155561447143555,0.6757767796516418,0.31930774450302124,0.5692554116249084,0.3123159408569336,0.48380783200263977,0.278754323720932,0.578859269618988,0.2756565809249878,0.46119698882102966,0.2687584161758423,0.3844244182109833,0.2601170837879181,0.3159973919391632,0.24396024644374847,0.5782275199890137,0.23930396139621735,0.44722819328308105,0.23491746187210083,0.3586142361164093,0.23099005222320557,0.2829534709453583,0.21081717312335968,0.5988515019416809,0.20357365906238556,0.4753790497779846,0.20118305087089539,0.3906208574771881,0.20015011727809906,0.31907936930656433,0.1780327558517456,0.6360267400741577,0.17165416479110718,0.5400066375732422,0.16951927542686462,0.47189873456954956,0.16945086419582367,0.40882161259651184
3,0.3405962288379669,0.7688753008842468,0.38567429780960083,0.6894455552101135,0.39725571870803833,0.5820159912109375,0.3948366940021515,0.4874087870121002,0.39154520630836487,0.4091198444366455,0.35740283131599426,0.4953695833683014,0.3588177561759949,0.3839821219444275,0.3579946458339691,0.31221258640289307,0.3553904891014099,0.24910879135131836,0.32821762561798096,0.49453139305114746,0.3299669921398163,0.3727084994316101,0.3305067718029022,0.29297053813934326,0.3310723900794983,0.2236787974834442,0.30009108781814575,0.5118377804756165,0.2996642291545868,0.3971744775772095,0.3014868199825287,0.31859856843948364,0.30483680963516235,0.25122958421707153,0.27090689539909363,0.5440703630447388,0.271345853805542,0.4542187452316284,0.2759503126144409,0.3913249671459198,0.2828565239906311,0.33321627974510193
3,0.2987709641456604,0.9405173063278198,0.3680145740509033,0.8745425343513489,0.41247621178627014,0.7498080730438232,0.44338712096214294,0.6354660987854004,0.4688303470611572,0.5466398000717163,0.37224775552749634,0.5877282023429871,0.3766542077064514,0.4504595696926117,0.3747483789920807,0.36358073353767395,0.3721453845500946,0.2869802415370941,0.3323168158531189,0.5754896998405457,0.33850154280662537,0.42563730478286743,0.3427288830280304,0.32472848892211914,0.346739798784256,0.2406507134437561,0.2923845052719116,0.5899977087974548,0.29784858226776123,0.4467231035232544,0.3046644628047943,0.3538096249103546,0.3120207190513611,0.2728706896305084,0.2504750192165375,0.6239949464797974,0.25360867381095886,0.5153466463088989,0.25957053899765015,0.4436887502670288,0.2675403356552124,0.3744620084762573
3,0.303503155708313,0.9426223039627075,0.37042057514190674,0.8708045482635498,0.4156184494495392,0.7458632588386536,0.44681620597839355,0.6303442120552063,0.4702511429786682,0.5362179279327393,0.36507394909858704,0.580783486366272,0.36734429001808167,0.44231855869293213,0.36399325728416443,0.3541935086250305,0.3592055141925812,0.2756591737270355,0.32648128271102905,0.5694558620452881,0.330651193857193,0.4173324704170227,0.33296942710876465,0.3152390122413635,0.33450621366500854,0.2300662398338318,0.2879621386528015,0.5844453573226929,0.2916453182697296,0.43906158208847046,0.297075092792511,0.3466026782989502,0.3027540147304535,0.26659518480300903,0.24738022685050964,0.6191959977149963,0.24918825924396515,0.5095112919807434,0.2542937994003296,0.4362293481826782,0.26077818870544434,0.36758559942245483
3,0.22842592000961304,0.8698674440383911,0.29670989513397217,0.7958543300628662,0.3340247571468353,0.6753929853439331,0.3499796688556671,0.5699111819267273,0.3502545654773712,0.4845254123210907,0.30425596237182617,0.5512190461158752,0.31647276878356934,0.42433232069015503,0.3189753293991089,0.3437730669975281,0.3179626762866974,0.2715204954147339,0.2676774263381958,0.5377939939498901,0.28120481967926025,0.4000551700592041,0.28664642572402954,0.3064378798007965,0.2898457944393158,0.22790315747261047,0.2306044101715088,0.5458388328552246,0.24217000603675842,0.4134564697742462,0.2506621778011322,0.3250133693218231,0.2572915852069855,0.2514781057834625,0.19028037786483765,0.5713021159172058,0.19897665083408356,0.4690249562263489,0.20826397836208344,0.40091976523399353,0.21742576360702515,0.3394244909286499
3,0.19250333309173584,0.944629430770874,0.2522742748260498,0.8742672204971313,0.2841945290565491,0.7529129385948181,0.2980932295322418,0.648501992225647,0.2993845045566559,0.5645151138305664,0.25570571422576904,0.6419937014579773,0.2639606297016144,0.5231497287750244,0.2642350196838379,0.4448750615119934,0.26219654083251953,0.37422609329223633,0.21991413831710815,0.6310674548149109,0.22824114561080933,0.5025280117988586,0.2322518229484558,0.4132736027240753,0.23500528931617737,0.3370446264743805,0.1846340000629425,0.6429257392883301,0.18963931500911713,0.5191723108291626,0.19484639167785645,0.4351159334182739,0.19979427754878998,0.36330315470695496,0.1486823856830597,0.6717005372047424,0.1530451476573944,0.5739136934280396,0.15863275527954102,0.505638837814331,0.16574504971504211,0.4424508213996887
3,0.28570815920829773,0.8631683588027954,0.34028246998786926,0.7926163673400879,0.36437147855758667,0.687386691570282,0.3732532858848572,0.5954831838607788,0.3785179555416107,0.5205907821655273,0.3284702003002167,0.5848617553710938,0.33885517716407776,0.4767538905143738,0.3440294563770294,0.40760695934295654,0.347311407327652,0.34686413407325745,0.29516780376434326,0.5762186646461487,0.30454787611961365,0.45408862829208374,0.3113345503807068,0.37475109100341797,0.3170575797557831,0.3077087700366974,0.2626350522041321,0.5890976190567017,0.265390008687973,0.4737035632133484,0.2710069715976715,0.3972533047199249,0.2778017818927765,0.33247315883636475,0.22992467880249023,0.6186888813972473,0.22966712713241577,0.5306373834609985,0.23367148637771606,0.46862685680389404,0.23981410264968872,0.41097891330718994
3,0.27285823225975037,0.9839262962341309,0.34842443466186523,0.9032710790634155,0.38717517256736755,0.7632300853729248,0.3975556194782257,0.6401533484458923,0.3993721306324005,0.541607677936554,0.3509376645088196,0.6191993355751038,0.3662829101085663,0.4811938405036926,0.37220698595046997,0.3913564682006836,0.3752506971359253,0.3114548623561859,0.3096056282520294,0.6045926213264465,0.3238447606563568,0.45118868350982666,0.33334094285964966,0.34741994738578796,0.34076952934265137,0.25960803031921387,0.2681737244129181,0.6166999936103821,0.27636685967445374,0.471300333738327,0.28610631823539734,0.37386640906333923,0.2956501245498657,0.2901480495929718,0.22512488067150116,0.6501118540763855,0.2306937873363495,0.5355161428451538,0.23828759789466858,0.45659756660461426,0.2476353645324707,0.3833024203777313
3,0.22817766666412354,1.01741623878479,0.3044932782649994,0.9379994869232178,0.3488627076148987,0.8072060346603394,0.3682520389556885,0.675710141658783,0.36923104524612427,0.5567293763160706,0.313953697681427,0.6410060524940491,0.3277270793914795,0.48875683546066284,0.33170002698898315,0.3865170180797577,0.33333632349967957,0.292528361082077,0.2660748064517975,0.6251064538955688,0.2793387174606323,0.45689088106155396,0.28647157549858093,0.3409857153892517,0.293313205242157,0.2394963800907135,0.21747109293937683,0.6396926045417786,0.22543177008628845,0.48123496770858765,0.23256073892116547,0.3697807788848877,0.24113348126411438,0.27554333209991455,0.16842849552631378,0.6760478615760803,0.17458058893680573,0.5519441366195679,0.18183383345603943,0.4653381109237671,0.1921241283416748,0.38496237993240356
3,0.36520060896873474,0.9220057725906372,0.4336984157562256,0.8319908380508423,0.4614190459251404,0.6855871677398682,0.46636295318603516,0.5634629726409912,0.4616076946258545,0.46792152523994446,0.4156951308250427,0.5505068898200989,0.4223264157772064,0.40745407342910767,0.42385441064834595,0.3135354816913605,0.42302197217941284,0.23240020871162415,0.3745502531528473,0.5440468192100525,0.38090527057647705,0.3869646489620209,0.3842118978500366,0.2806253135204315,0.3869353234767914,0.1906125247478485,0.3347558081150055,0.5641952157020569,0.3352935016155243,0.4145321249961853,0.33818545937538147,0.312497615814209,0.34220027923583984,0.22509118914604187,0.2941613793373108,0.6058169603347778,0.29217901825904846,0.49069809913635254,0.29377421736717224,0.4106251001358032,0.2978716194629669,0.335303395986557
3,0.37351417541503906,0.9240502715110779,0.4422084093093872,0.8345465660095215,0.4686073660850525,0.690540075302124,0.47021180391311646,0.5662782192230225,0.467122346162796,0.46491849422454834,0.4213183522224426,0.5552557706832886,0.42869672179222107,0.4120970666408539,0.431213915348053,0.317758709192276,0.4317851960659027,0.23586979508399963,0.3798407316207886,0.5487750768661499,0.3868803083896637,0.3917200267314911,0.39140841364860535,0.28441065549850464,0.3958350121974945,0.19290608167648315,0.33983349800109863,0.5703943371772766,0.34059596061706543,0.42004257440567017,0.3443610668182373,0.3173253834247589,0.34983816742897034,0.22834515571594238,0.29967474937438965,0.6137557029724121,0.2975814938545227,0.4979586601257324,0.29936614632606506,0.41662198305130005,0.30394986271858215,0.33922189474105835
3,0.3757582902908325,0.9173468351364136,0.4433319568634033,0.8261529207229614,0.46792539954185486,0.6797018647193909,0.470217227935791,0.5590097308158875,0.4687468707561493,0.46302926540374756,0.42054420709609985,0.5476868748664856,0.42746421694755554,0.40759503841400146,0.4294256567955017,0.3143761456012726,0.42907223105430603,0.23298287391662598,0.37976717948913574,0.5408104658126831,0.3862977921962738,0.3867911398410797,0.39111724495887756,0.2813054919242859,0.3956609070301056,0.19044139981269836,0.3409695327281952,0.5623449087142944,0.3414328396320343,0.41612404584884644,0.34624767303466797,0.315265953540802,0.3520773947238922,0.22741809487342834,0.30225348472595215,0.6055623888969421,0.29998329281806946,0.4938996434211731,0.3021584749221802,0.41426748037338257,0.30680808424949646,0.3381279408931732
3,0.38484126329421997,0.9224871397018433,0.45469391345977783,0.8383716940879822,0.48593491315841675,0.6983513236045837,0.4925173819065094,0.5782747268676758,0.4942548871040344,0.4827321171760559,0.4418025612831116,0.5610349774360657,0.45360368490219116,0.4173714518547058,0.4588583707809448,0.3236519694328308,0.4609731435775757,0.24411541223526,0.4017036259174347,0.5520532131195068,0.4131490886211395,0.39603525400161743,0.4202340841293335,0.29189905524253845,0.4256708025932312,0.2049570381641388,0.36274704337120056,0.5677739381790161,0.3680664896965027,0.4195086658000946,0.3747372031211853,0.31995248794555664,0.3820902705192566,0.23504292964935303,0.3229166567325592,0.6046438217163086,0.3232463300228119,0.4910773038864136,0.32735729217529297,0.41324710845947266,0.33397412300109863,0.3413664400577545
3,0.28351348638534546,0.9281961917877197,0.3541530966758728,0.8444167375564575,0.3900560736656189,0.7053961753845215,0.39911967515945435,0.5772485733032227,0.39403948187828064,0.47543907165527344,0.3517501950263977,0.5616703629493713,0.35685649514198303,0.41858112812042236,0.35355275869369507,0.32407689094543457,0.34808650612831116,0.23969459533691406,0.30853185057640076,0.5514721274375916,0.3126057982444763,0.3945961594581604,0.3130735456943512,0.2856833040714264,0.3132948875427246,0.19356009364128113,0.26631566882133484,0.5690509080886841,0.266826331615448,0.4203149080276489,0.2698812186717987,0.3173832297325134,0.2737424671649933,0.23020026087760925,0.22394013404846191,0.6073986887931824,0.22437697649002075,0.49005192518234253,0.22671496868133545,0.40878984332084656,0.23130181431770325,0.33376768231391907
3,0.2806893587112427,0.9243824481964111,0.35827064514160156,0.8426213264465332,0.3975226879119873,0.7001404166221619,0.41124600172042847,0.5690223574638367,0.4133763909339905,0.46371790766716003,0.3640253245830536,0.5429561138153076,0.37563464045524597,0.3961370587348938,0.37772485613822937,0.3011765778064728,0.3766306936740875,0.2159111201763153,0.3222332000732422,0.5284404754638672,0.3344184160232544,0.3679921627044678,0.3398701846599579,0.25962725281715393,0.34329020977020264,0.16734760999679565,0.27982378005981445,0.5418590903282166,0.28858888149261475,0.3879963159561157,0.29573163390159607,0.2868255078792572,0.30242303013801575,0.20110458135604858,0.23532426357269287,0.577191948890686,0.24241510033607483,0.4570655822753906,0.2503869831562042,0.3776114583015442,0.2599497139453888,0.3047056496143341
3,0.2746739685535431,0.8679478168487549,0.348522424697876,0.7839030027389526,0.3848799467086792,0.6409223079681396,0.3998481035232544,0.5099353790283203,0.39512622356414795,0.4045479893684387,0.3466905355453491,0.4900261461734772,0.35357603430747986,0.3402109742164612,0.3523090183734894,0.24102544784545898,0.34865978360176086,0.15164414048194885,0.3029308319091797,0.4769189953804016,0.30959373712539673,0.31268632411956787,0.3115707337856293,0.1981138288974762,0.3129535913467407,0.10077464580535889,0.25953924655914307,0.4932437539100647,0.2616977393627167,0.3374621272087097,0.2651927173137665,0.22922539710998535,0.2695481479167938,0.13773685693740845,0.21555113792419434,0.5308583378791809,0.21812736988067627,0.4074274003505707,0.223183274269104,0.3224673867225647,0.23061704635620117,0.2443094551563263
4,0.2933284044265747,0.792377233505249,0.36345016956329346,0.7296086549758911,0.4170290529727936,0.6076018214225769,0.46270614862442017,0.5102871656417847,0.5034418702125549,0.46298152208328247,0.36912089586257935,0.46745210886001587,0.37358933687210083,0.39452457427978516,0.36795541644096375,0.49553340673446655,0.3661436438560486,0.530960202217102,0.3212359547615051,0.45324355363845825,0.3274505138397217,0.38591498136520386,0.3302522599697113,0.5061320066452026,0.3300480842590332,0.5329346060752869,0.27342870831489563,0.45651769638061523,0.2728404104709625,0.36578455567359924,0.28496596217155457,0.4835183918476105,0.2880834639072418,0.5275891423225403,0.22581729292869568,0.4700360894203186,0.21741251647472382,0.39282041788101196,0.23598623275756836,0.4622073173522949,0.2463884949684143,0.5044145584106445
4,0.30130767822265625,0.757824182510376,0.3671218454837799,0.6923478841781616,0.4164026975631714,0.5772205591201782,0.4559572637081146,0.47545507550239563,0.49552810192108154,0.4209820032119751,0.36614859104156494,0.4536224901676178,0.37203073501586914,0.39533066749572754,0.3659089505672455,0.48451894521713257,0.3620692491531372,0.5503363013267517,0.31824326515197754,0.4443228244781494,0.3204328119754791,0.3808763027191162,0.3202427625656128,0.4804861545562744,0.3201788365840912,0.5442413091659546,0.2723107933998108,0.45345383882522583,0.2693348824977875,0.38248133659362793,0.27544793486595154,0.45517873764038086,0.27893438935279846,0.5052568316459656,0.22828467190265656,0.47752857208251953,0.22407349944114685,0.4122244417667389,0.2340160459280014,0.43760591745376587,0.2409735918045044,0.4559912383556366
4,0.2862507998943329,0.7664483189582825,0.3520604372024536,0.7038859128952026,0.4010411500930786,0.5768009424209595,0.4462354779243469,0.4780772924423218,0.4901546239852905,0.43360042572021484,0.3522786796092987,0.4646300673484802,0.355920672416687,0.38460657000541687,0.35034674406051636,0.4797714650630951,0.3491309881210327,0.5227819085121155,0.30631813406944275,0.4534667134284973,0.31039321422576904,0.37009692192077637,0.312649667263031,0.4858878552913666,0.3130071461200714,0.5271859169006348,0.260286808013916,0.4568653106689453,0.25756552815437317,0.3592184782028198,0.2704720199108124,0.4669226408004761,0.2750844657421112,0.5197089314460754,0.21544957160949707,0.4680846035480499,0.2058112770318985,0.38304901123046875,0.22262120246887207,0.4347882568836212,0.23256072402000427,0.47392499446868896
4,0.3002575933933258,0.65882408618927,0.35712552070617676,0.5966547131538391,0.3990996479988098,0.4956356883049011,0.43625175952911377,0.41687333583831787,0.4701564311981201,0.37407395243644714,0.35378900170326233,0.40263983607292175,0.36199522018432617,0.3277209401130676,0.3613492250442505,0.4139736294746399,0.35771608352661133,0.4543119966983795,0.31584790349006653,0.39501041173934937,0.32246682047843933,0.31851208209991455,0.3292522728443146,0.41906511783599854,0.3267405033111572,0.4612772464752197,0.2764838635921478,0.4005912244319916,0.27781546115875244,0.3108489215373993,0.29221513867378235,0.40388521552085876,0.2931884825229645,0.4541010558605194,0.2369542121887207,0.41481029987335205,0.2331838309764862,0.3372248411178589,0.24914023280143738,0.3815564811229706,0.2538904547691345,0.4192653298377991
4,0.3344888687133789,0.687567949295044,0.383829265832901,0.6335251331329346,0.41824817657470703,0.5415512323379517,0.4415014982223511,0.47179749608039856,0.4665262699127197,0.42761164903640747,0.37399592995643616,0.4626637399196625,0.3885813057422638,0.4004040062427521,0.3912371098995209,0.4736405909061432,0.3842363655567169,0.5081023573875427,0.3428063988685608,0.4592888057231903,0.35703325271606445,0.3965643048286438,0.3635260760784149,0.48844969272613525,0.35449889302253723,0.5232491493225098,0.3094138205051422,0.4658728837966919,0.3200008273124695,0.39397382736206055,0.3339913487434387,0.4780712127685547,0.3288821876049042,0.5220574736595154,0.2739046514034271,0.4795632064342499,0.27470576763153076,0.4076511263847351,0.2943577468395233,0.451932430267334,0.2999652624130249,0.4941065013408661
4,0.32564255595207214,0.7717283964157104,0.38643792271614075,0.7185956239700317,0.4319307208061218,0.6022047400474548,0.46800076961517334,0.5078359842300415,0.505251407623291,0.4557749330997467,0.38597002625465393,0.5022271275520325,0.39333727955818176,0.4290841221809387,0.39118853211402893,0.5196024775505066,0.38667646050453186,0.5611820220947266,0.34656965732574463,0.49322664737701416,0.3530626893043518,0.4226507842540741,0.3563540577888489,0.5319324135780334,0.3539320230484009,0.5642022490501404,0.30544453859329224,0.495922714471817,0.30789270997047424,0.41523799300193787,0.3186866343021393,0.5208505988121033,0.3198114335536957,0.5667919516563416,0.2634764313697815,0.5047754049301147,0.25781816244125366,0.42046937346458435,0.2737802267074585,0.47546809911727905,0.2830275297164917,0.5199260115623474
4,0.5028901696205139,0.7242462038993835,0.5652239322662354,0.6704092621803284,0.6138399839401245,0.5463752746582031,0.6522240042686462,0.45109808444976807,0.6901087164878845,0.4007328450679779,0.566920280456543,0.44008272886276245,0.5812792778015137,0.3656180202960968,0.5758044719696045,0.46695849299430847,0.5682664513587952,0.5025695562362671,0.5242339968681335,0.42536836862564087,0.5387751460075378,0.34430545568466187,0.5410916209220886,0.465621680021286,0.5339740514755249,0.5026736259460449,0.4806755483150482,0.42586854100227356,0.4872259199619293,0.32654058933258057,0.501050591468811,0.43989098072052,0.49871382117271423,0.48961010575294495,0.4374738335609436,0.4353010058403015,0.4331108331680298,0.34629788994789124,0.4536798596382141,0.4076279401779175,0.460888147354126,0.453967809677124
4,0.4614352583885193,0.8464260697364807,0.5131732225418091,0.8000580072402954,0.5552197098731995,0.6991953253746033,0.58072829246521,0.6224761605262756,0.60684734582901,0.5773629546165466,0.5095399022102356,0.6055766940116882,0.5232183933258057,0.5422189235687256,0.5265020728111267,0.6179112195968628,0.5184805989265442,0.6523280739784241,0.4764470160007477,0.5986212491989136,0.49002134799957275,0.541070818901062,0.49765321612358093,0.6299563050270081,0.48921412229537964,0.6557311415672302,0.44185319542884827,0.603479266166687,0.44896775484085083,0.5249326825141907,0.463291734457016,0.6136234402656555,0.45881468057632446,0.6563234329223633,0.4056801497936249,0.6152777075767517,0.40492480993270874,0.5388356447219849,0.4228602945804596,0.5850493311882019,0.4282034635543823,0.6249579191207886
4,0.26823973655700684,0.7242708206176758,0.3241487741470337,0.670597493648529,0.3664112389087677,0.5594070553779602,0.3951181173324585,0.4761729836463928,0.4214300513267517,0.4246492385864258,0.3171886205673218,0.4735511243343353,0.33013200759887695,0.3985826373100281,0.32749637961387634,0.4738338589668274,0.3224337697029114,0.5168796181678772,0.28096526861190796,0.46592122316360474,0.2939435839653015,0.38180190324783325,0.295888751745224,0.47457465529441833,0.2918289601802826,0.5216111540794373,0.24313423037528992,0.47196245193481445,0.24674378335475922,0.38033854961395264,0.25808870792388916,0.46298477053642273,0.25818103551864624,0.5157748460769653,0.20427945256233215,0.48766544461250305,0.20257791876792908,0.404883474111557,0.21882110834121704,0.44547170400619507,0.2250034511089325,0.4889535903930664
4,0.26018226146698,0.7940055727958679,0.3287309408187866,0.7266233563423157,0.37541329860687256,0.5959325432777405,0.41228458285331726,0.49191582202911377,0.4477251470088959,0.4286080002784729,0.3291693925857544,0.495781809091568,0.34081095457077026,0.4172250032424927,0.33503714203834534,0.507081151008606,0.3284708261489868,0.5491271018981934,0.2840476334095001,0.48301762342453003,0.2963949143886566,0.39243972301483154,0.2981867790222168,0.5042166113853455,0.2935638427734375,0.555878221988678,0.23771710693836212,0.4874345660209656,0.24147789180278778,0.3828261196613312,0.25448986887931824,0.4869110584259033,0.2562670409679413,0.549066424369812,0.19241215288639069,0.5009036660194397,0.18829476833343506,0.4109674096107483,0.20526954531669617,0.4503531754016876,0.21312087774276733,0.488273561000824
4,0.29167163372039795,0.7965394258499146,0.3584294617176056,0.7287128567695618,0.40228158235549927,0.5973377227783203,0.4364040791988373,0.495311975479126,0.46842196583747864,0.4316507577896118,0.3526565432548523,0.503566563129425,0.36964643001556396,0.4167643189430237,0.36554381251335144,0.5069044828414917,0.35386690497398376,0.5598975419998169,0.31131425499916077,0.49205029010772705,0.3283468186855316,0.4005938768386841,0.33022165298461914,0.5110923051834106,0.31927037239074707,0.5634494423866272,0.26641547679901123,0.49490445852279663,0.2760689854621887,0.38844698667526245,0.2906195819377899,0.4943276047706604,0.2863568067550659,0.5587625503540039,0.21938422322273254,0.508031964302063,0.21604472398757935,0.40590575337409973,0.2398352324962616,0.4558461010456085,0.25013893842697144,0.5096901059150696
4,0.38173389434814453,0.7747160196304321,0.44947549700737,0.7086617946624756,0.49249523878097534,0.5860321521759033,0.5265907049179077,0.49201059341430664,0.5592986345291138,0.4333834946155548,0.4448584318161011,0.48383933305740356,0.4636920094490051,0.4009983241558075,0.4616597294807434,0.48778238892555237,0.4507146179676056,0.5377880334854126,0.4038744270801544,0.4711276888847351,0.4217807352542877,0.381860613822937,0.4271145761013031,0.48874443769454956,0.4172033965587616,0.5455499887466431,0.35962939262390137,0.4717012345790863,0.36922353506088257,0.35856157541275024,0.38545122742652893,0.4612993597984314,0.38183078169822693,0.5313805937767029,0.3132900297641754,0.4830406606197357,0.3092280626296997,0.3771514296531677,0.3317512273788452,0.4213760197162628,0.34144434332847595,0.4767140746116638
4,0.383356511592865,0.7761417031288147,0.44838830828666687,0.7158848643302917,0.49247297644615173,0.5952612161636353,0.5264897346496582,0.5006784796714783,0.5603694319725037,0.4448164701461792,0.44520890712738037,0.48780593276023865,0.4651912450790405,0.4124346673488617,0.46135765314102173,0.4954393804073334,0.4498457610607147,0.5396401882171631,0.4040818214416504,0.47355079650878906,0.42187419533729553,0.38690221309661865,0.4255546033382416,0.4920416474342346,0.41531309485435486,0.5465522408485413,0.36057034134864807,0.4737175703048706,0.36933770775794983,0.3643350601196289,0.385247141122818,0.46580570936203003,0.3822121024131775,0.5345171689987183,0.3155331611633301,0.48479151725769043,0.3131001889705658,0.38798341155052185,0.3343055844306946,0.4319054186344147,0.3418247103691101,0.48376938700675964
4,0.2832554280757904,0.7605183124542236,0.35272398591041565,0.7158753275871277,0.4027782678604126,0.5866057872772217,0.4451051354408264,0.48502734303474426,0.4892957806587219,0.44837498664855957,0.3647248446941376,0.45562446117401123,0.37013596296310425,0.3370380699634552,0.36997294425964355,0.4087590277194977,0.36758124828338623,0.4738557040691376,0.3198592960834503,0.446440726518631,0.32223668694496155,0.31403934955596924,0.32510238885879517,0.4130036234855652,0.326018363237381,0.4855233430862427,0.2760782539844513,0.45415303111076355,0.2748588025569916,0.32988041639328003,0.2822986841201782,0.4228268265724182,0.28479811549186707,0.49444180727005005,0.23250678181648254,0.47259026765823364,0.2306652069091797,0.3789769411087036,0.24246522784233093,0.4247182607650757,0.2488720566034317,0.47089168429374695
4,0.34387749433517456,0.7092642784118652,0.40159863233566284,0.6631360650062561,0.4501328468322754,0.5871533751487732,0.48689234256744385,0.5151061415672302,0.5117496848106384,0.4592304527759552,0.41149961948394775,0.4826003909111023,0.4189739525318146,0.40600860118865967,0.41321107745170593,0.4767090082168579,0.4075987935066223,0.5244290828704834,0.3779091536998749,0.46531498432159424,0.3820699155330658,0.38567692041397095,0.3808760344982147,0.471097469329834,0.37867671251296997,0.5164310336112976,0.34247535467147827,0.46191343665122986,0.3439878523349762,0.38414695858955383,0.34846818447113037,0.46044236421585083,0.34843191504478455,0.5054511427879333,0.3049671947956085,0.46839678287506104,0.3068132996559143,0.40342602133750916,0.31567972898483276,0.450391948223114,0.31821194291114807,0.48947110772132874
4,0.3028837740421295,0.8353375196456909,0.3725113868713379,0.7620843648910522,0.4268816411495209,0.6201859712600708,0.47148311138153076,0.5237569212913513,0.5137211084365845,0.47341662645339966,0.36344030499458313,0.5095118880271912,0.38509052991867065,0.42039602994918823,0.3840361535549164,0.5126285552978516,0.3737824559211731,0.5676352381706238,0.31700965762138367,0.4970531463623047,0.33832114934921265,0.3917330503463745,0.3458497226238251,0.5109620690345764,0.33547723293304443,0.5774070620536804,0.26890742778778076,0.5027866363525391,0.27795106172561646,0.3763120174407959,0.2973880171775818,0.48373618721961975,0.2935790419578552,0.5565521121025085,0.22041653096675873,0.520007848739624,0.21640639007091522,0.4160589575767517,0.23959262669086456,0.46083688735961914,0.24682357907295227,0.5109307765960693
4,0.3146365284919739,0.793407678604126,0.3783402740955353,0.7268213629722595,0.42480742931365967,0.6056631803512573,0.45945847034454346,0.5170913934707642,0.4913077652454376,0.4636479914188385,0.3715762794017792,0.508047878742218,0.39208051562309265,0.42362266778945923,0.3893912732601166,0.5027464032173157,0.3780663311481476,0.5571494698524475,0.32952848076820374,0.49671849608421326,0.34760230779647827,0.3983762562274933,0.3519701361656189,0.4993804097175598,0.3423044979572296,0.5633746981620789,0.2850574254989624,0.5012463927268982,0.2936707139015198,0.39047151803970337,0.31034329533576965,0.48182687163352966,0.3084225058555603,0.5503027439117432,0.2395559549331665,0.5176631212234497,0.236131489276886,0.4193718135356903,0.2576729357242584,0.4549829065799713,0.2661650776863098,0.5029280185699463
4,0.3181532621383667,0.7013790607452393,0.37072765827178955,0.6392202377319336,0.4102240800857544,0.5372345447540283,0.4451237618923187,0.45424872636795044,0.4774407148361206,0.4000038206577301,0.35849565267562866,0.44154953956604004,0.3669503331184387,0.36282452940940857,0.3714255094528198,0.4383036494255066,0.36896058917045593,0.48062726855278015,0.31975895166397095,0.43677234649658203,0.3257347345352173,0.34269052743911743,0.33824586868286133,0.4375469386577606,0.3363451361656189,0.48485812544822693,0.2812337577342987,0.44624456763267517,0.28006210923194885,0.34053486585617065,0.30076533555984497,0.4251853823661804,0.30325186252593994,0.47814807295799255,0.24329885840415955,0.4650768041610718,0.23385339975357056,0.380855530500412,0.25499019026756287,0.41657841205596924,0.2639027237892151,0.4544503688812256
4,0.3439001739025116,0.7912178039550781,0.40815111994743347,0.7254685163497925,0.45693057775497437,0.616839587688446,0.4961394667625427,0.5328779816627502,0.5336290597915649,0.4846855700016022,0.40292662382125854,0.5102658271789551,0.42403364181518555,0.42529013752937317,0.42569059133529663,0.5060790777206421,0.4143123924732208,0.5578048825263977,0.3646949529647827,0.49751079082489014,0.38516125082969666,0.4070150852203369,0.39047491550445557,0.5098420977592468,0.3771001100540161,0.5643616914749146,0.32370713353157043,0.49807074666023254,0.3357873260974884,0.3841858506202698,0.3519027829170227,0.4795653820037842,0.345222532749176,0.5440835952758789,0.2799351215362549,0.5098500847816467,0.27953654527664185,0.4099842309951782,0.30242061614990234,0.45442625880241394,0.3088317811489105,0.5062989592552185
4,0.32279691100120544,0.7189582586288452,0.3746742904186249,0.6616780757904053,0.4121030569076538,0.567315936088562,0.44262316823005676,0.49489399790763855,0.47205352783203125,0.45129287242889404,0.36552301049232483,0.4817834496498108,0.38263076543807983,0.4133273959159851,0.3843778073787689,0.4761001169681549,0.37568387389183044,0.5185562968254089,0.3327462673187256,0.47282594442367554,0.3474142551422119,0.3934449553489685,0.3545108437538147,0.47563982009887695,0.3464823365211487,0.5259299278259277,0.29756367206573486,0.4776041805744171,0.30513831973075867,0.38264358043670654,0.3215905725955963,0.45915907621383667,0.3195783495903015,0.5169721841812134,0.2609168589115143,0.4926382899284363,0.25794729590415955,0.41018030047416687,0.27819424867630005,0.4397216737270355,0.28651586174964905,0.48012417554855347
5,0.3255057632923126,0.7842615842819214,0.2715064585208893,0.688047468662262,0.2333594709634781,0.596480667591095,0.20479390025138855,0.5053446888923645,0.1758994311094284,0.4456482529640198,0.28521329164505005,0.4894249141216278,0.3241235315799713,0.41986486315727234,0.3396891951560974,0.452098548412323,0.3348254859447479,0.4885624945163727,0.33100298047065735,0.5000772476196289,0.36264413595199585,0.4273222088813782,0.3711252510547638,0.4663469195365906,0.3626209497451782,0.5093465447425842,0.37464573979377747,0.5274389386177063,0.399618923664093,0.44224798679351807,0.4048466086387634,0.4766692519187927,0.395656943321228,0.5200908184051514,0.4147436320781708,0.568243682384491,0.43327298760414124,0.4779895544052124,0.43248674273490906,0.4952225387096405,0.4217992424964905,0.5218507647514343
5,0.42412418127059937,0.7723463177680969,0.3725455701351166,0.6803032755851746,0.33774393796920776,0.5884395837783813,0.31480735540390015,0.4938613176345825,0.29343152046203613,0.4281392991542816,0.38518959283828735,0.4840678870677948,0.41628336906433105,0.41315579414367676,0.4253970980644226,0.4529198408126831,0.4182903468608856,0.49628111720085144,0.4313338100910187,0.49346527457237244,0.45485028624534607,0.4194612503051758,0.4596090316772461,0.4595712423324585,0.45197880268096924,0.5027364492416382,0.47449615597724915,0.5186752080917358,0.493197500705719,0.4284974932670593,0.4961046576499939,0.46158480644226074,0.488483726978302,0.5041562914848328,0.5139093399047852,0.5566213726997375,0.5295730829238892,0.4592124819755554,0.5314927697181702,0.46413564682006836,0.5260128378868103,0.48020124435424805
5,0.46495363116264343,0.8177766799926758,0.41477808356285095,0.7516745924949646,0.3766627907752991,0.6745505332946777,0.34864163398742676,0.5991993546485901,0.32437628507614136,0.5469751954078674,0.4119754731655121,0.5695018172264099,0.44274091720581055,0.4489835500717163,0.4524458646774292,0.482856810092926,0.4470394253730774,0.5274263620376587,0.45100948214530945,0.5750842094421387,0.47900113463401794,0.45287227630615234,0.4828188121318817,0.49616697430610657,0.47484296560287476,0.5426037311553955,0.49036478996276855,0.5953566431999207,0.5121363997459412,0.4702095091342926,0.5117394924163818,0.5092647671699524,0.5031492114067078,0.554497480392456,0.5283551216125488,0.6290936470031738,0.5403699278831482,0.514621913433075,0.5335248708724976,0.5411277413368225,0.522464394569397,0.57905113697052
5,0.44130370020866394,0.8044219613075256,0.39280006289482117,0.7566554546356201,0.3565342426300049,0.6914833784103394,0.3315933048725128,0.6293462514877319,0.3081347644329071,0.5892391800880432,0.392129510641098,0.5909552574157715,0.4106830656528473,0.5026822686195374,0.4210440516471863,0.5115129947662354,0.42061150074005127,0.5400187969207764,0.4274401366710663,0.5904196500778198,0.4409821331501007,0.4962993264198303,0.4476398229598999,0.5154631733894348,0.44584834575653076,0.5484300851821899,0.4615449607372284,0.602382242679596,0.4702926278114319,0.5072770714759827,0.4740714430809021,0.5198098421096802,0.47116026282310486,0.5481351613998413,0.4935498535633087,0.6262392401695251,0.49744221568107605,0.5402442216873169,0.4955669641494751,0.5414973497390747,0.4904676675796509,0.5587058067321777
5,0.37972700595855713,0.7565636038780212,0.33444276452064514,0.6584116220474243,0.30480796098709106,0.5444784760475159,0.2909189462661743,0.44882768392562866,0.27664583921432495,0.3750804662704468,0.34045785665512085,0.47793519496917725,0.39784154295921326,0.3434319496154785,0.4020843505859375,0.38891488313674927,0.38633930683135986,0.44112926721572876,0.3856423497200012,0.50392746925354,0.4406639635562897,0.361771821975708,0.4390345513820648,0.4114742577075958,0.4191109240055084,0.4676404893398285,0.4299112558364868,0.5391823649406433,0.4746706783771515,0.39970654249191284,0.47047290205955505,0.4458111822605133,0.45360133051872253,0.4965564012527466,0.4709431529045105,0.5836341381072998,0.5001747012138367,0.4572564363479614,0.4932734966278076,0.48873966932296753,0.479667991399765,0.5300552248954773
5,0.3096185028553009,0.6981319189071655,0.25751882791519165,0.6288538575172424,0.21932917833328247,0.548858642578125,0.1984577178955078,0.4704400300979614,0.17678873240947723,0.41391852498054504,0.23796337842941284,0.453294575214386,0.2823998034000397,0.3471587896347046,0.29764920473098755,0.3773758113384247,0.291146457195282,0.4224381744861603,0.2774082124233246,0.45338374376296997,0.32001742720603943,0.34140878915786743,0.3304583728313446,0.37969329953193665,0.32011938095092773,0.4282834827899933,0.3201771676540375,0.4663958251476288,0.3528640568256378,0.3470701575279236,0.36028215289115906,0.38531988859176636,0.3509848713874817,0.4324361979961395,0.36275196075439453,0.4924817383289337,0.3834853768348694,0.38236182928085327,0.3849125802516937,0.40814897418022156,0.37424802780151367,0.44516199827194214
5,0.3328956961631775,0.7081959247589111,0.28144943714141846,0.6367005109786987,0.2450021207332611,0.5584414601325989,0.2226223647594452,0.47840434312820435,0.199439138174057,0.4233452081680298,0.2676858901977539,0.46476566791534424,0.31135812401771545,0.35803282260894775,0.325435072183609,0.38995975255966187,0.3179199993610382,0.433594286441803,0.30741173028945923,0.4668686091899872,0.3484179377555847,0.3576449453830719,0.3576980233192444,0.39660948514938354,0.34745800495147705,0.4431551694869995,0.3495157063007355,0.48166683316230774,0.3819478750228882,0.36324310302734375,0.38813143968582153,0.4004722833633423,0.37850961089134216,0.44609948992729187,0.39075517654418945,0.5092883110046387,0.4120750427246094,0.39982345700263977,0.41233888268470764,0.4241461753845215,0.40064483880996704,0.4590141177177429
5,0.3335845172405243,0.7096052169799805,0.2829835116863251,0.6310427784919739,0.25030070543289185,0.5465388894081116,0.23450496792793274,0.4638068377971649,0.21754565834999084,0.4026505649089813,0.2718575596809387,0.4634738266468048,0.3169262111186981,0.3603809177875519,0.32929226756095886,0.3951435685157776,0.32077449560165405,0.44004565477371216,0.31196004152297974,0.46887174248695374,0.3530905246734619,0.36112815141677856,0.36125919222831726,0.4031585454940796,0.3503449559211731,0.45101428031921387,0.35407596826553345,0.4857264757156372,0.3866567611694336,0.36715221405029297,0.3916868269443512,0.40953341126441956,0.38157883286476135,0.4569892883300781,0.39444857835769653,0.515153169631958,0.4167928695678711,0.40346425771713257,0.41635632514953613,0.4338226318359375,0.40503832697868347,0.47331318259239197
5,0.4133242666721344,0.6721984148025513,0.36209768056869507,0.6089321374893188,0.3227921724319458,0.5366947650909424,0.29959696531295776,0.4665977656841278,0.2775094211101532,0.41445568203926086,0.34534478187561035,0.4507651925086975,0.37545260787010193,0.32914480566978455,0.39063161611557007,0.3431026339530945,0.3898285925388336,0.3774171471595764,0.38338837027549744,0.4529114067554474,0.41136109828948975,0.3215653896331787,0.422848641872406,0.34583765268325806,0.4179600179195404,0.3897928297519684,0.42379164695739746,0.4660540819168091,0.44338399171829224,0.3325389623641968,0.452086478471756,0.35408246517181396,0.44716566801071167,0.39341962337493896,0.46495485305786133,0.49072787165641785,0.4737660884857178,0.36789563298225403,0.47625434398651123,0.3728383183479309,0.47083723545074463,0.3947376012802124
5,0.3596837818622589,0.7314845323562622,0.30929088592529297,0.6447541117668152,0.2740708589553833,0.5539242625236511,0.2553912401199341,0.46510449051856995,0.239974245429039,0.39576494693756104,0.3020687699317932,0.4763558506965637,0.34874865412712097,0.3645681142807007,0.3590777814388275,0.39826521277427673,0.34933334589004517,0.44399288296699524,0.3438516855239868,0.4861536920070648,0.38622936606407166,0.36899232864379883,0.3927766680717468,0.41047215461730957,0.3817993402481079,0.45721131563186646,0.3870694041252136,0.5071461200714111,0.4214322566986084,0.37893444299697876,0.425144761800766,0.41791456937789917,0.4148455858230591,0.4640626907348633,0.42778629064559937,0.5401391983032227,0.4528031349182129,0.4180826246738434,0.45136749744415283,0.43776264786720276,0.43931418657302856,0.47020503878593445
5,0.3549720048904419,0.7293903827667236,0.30459052324295044,0.6445704102516174,0.26984694600105286,0.5572209358215332,0.2513606548309326,0.4677562117576599,0.23711414635181427,0.396858811378479,0.29901155829429626,0.4732305705547333,0.342966228723526,0.36693888902664185,0.35159313678741455,0.4024810492992401,0.3417820930480957,0.44873422384262085,0.3424290120601654,0.48296821117401123,0.3800286650657654,0.3719700872898102,0.3848171532154083,0.4128391146659851,0.3743038475513458,0.45807018876075745,0.3855748772621155,0.5048942565917969,0.4147964119911194,0.38286855816841125,0.4171854257583618,0.4208555817604065,0.40731313824653625,0.46609100699424744,0.4256401062011719,0.5385777950286865,0.44500046968460083,0.4206520915031433,0.44404375553131104,0.4364558458328247,0.4339492917060852,0.4634396433830261
5,0.3656816780567169,0.7102136611938477,0.31567469239234924,0.6204207539558411,0.2828867435455322,0.5261183977127075,0.26709043979644775,0.4304887652397156,0.25586390495300293,0.3532007038593292,0.3170158565044403,0.43801242113113403,0.366637259721756,0.3301435708999634,0.37321993708610535,0.3719857633113861,0.36104318499565125,0.4216872453689575,0.35981202125549316,0.45273643732070923,0.40449512004852295,0.3437018394470215,0.4073564112186432,0.39074355363845825,0.39459919929504395,0.43649205565452576,0.4029509723186493,0.4798852801322937,0.4402705430984497,0.36145663261413574,0.4400699734687805,0.40797245502471924,0.4279896914958954,0.45412418246269226,0.4436550736427307,0.5201668739318848,0.46994149684906006,0.39881521463394165,0.4665486514568329,0.4340168535709381,0.4554140269756317,0.47724857926368713
5,0.356453001499176,0.6830724477767944,0.31091809272766113,0.6086223721504211,0.2725379467010498,0.522963285446167,0.251223623752594,0.44424647092819214,0.22736667096614838,0.3983932435512543,0.29888391494750977,0.42384734749794006,0.3473515212535858,0.33281320333480835,0.3578200936317444,0.37333276867866516,0.34741634130477905,0.4179336428642273,0.3388317823410034,0.4260045886039734,0.3815831243991852,0.3356151580810547,0.38983485102653503,0.37276148796081543,0.3770342171192169,0.41901296377182007,0.38003748655319214,0.4401160478591919,0.41191232204437256,0.3430023789405823,0.4185302257537842,0.3751436173915863,0.40697503089904785,0.41807711124420166,0.4201548099517822,0.4645155966281891,0.4378533661365509,0.37004852294921875,0.44118595123291016,0.3828219771385193,0.43189120292663574,0.406355619430542
5,0.5183244347572327,0.7308875322341919,0.46553435921669006,0.6762576103210449,0.4240829348564148,0.6104386448860168,0.39283859729766846,0.5484567284584045,0.36240270733833313,0.5165801048278809,0.45886507630348206,0.4860316216945648,0.48793208599090576,0.43885982036590576,0.4975810647010803,0.4760843515396118,0.4927155375480652,0.5148502588272095,0.4987531900405884,0.4820552468299866,0.5216790437698364,0.4471967816352844,0.5257980227470398,0.48406630754470825,0.5202160477638245,0.5240840315818787,0.5369895100593567,0.4940774738788605,0.5539474487304688,0.4544357657432556,0.5553601980209351,0.48737409710884094,0.5489802956581116,0.5277531743049622,0.5715636014938354,0.514365017414093,0.5799074172973633,0.47656965255737305,0.5785588026046753,0.5075360536575317,0.5725090503692627,0.540628969669342
5,0.3363904356956482,0.6776130199432373,0.29472532868385315,0.6314305067062378,0.26277852058410645,0.5777311325073242,0.24168294668197632,0.5222328901290894,0.2200973927974701,0.4892193078994751,0.2861866354942322,0.4767109751701355,0.3123313784599304,0.45292624831199646,0.3197343647480011,0.48526519536972046,0.31381210684776306,0.516904890537262,0.31934866309165955,0.4670235514640808,0.3424076735973358,0.44871360063552856,0.346428781747818,0.47962453961372375,0.34019961953163147,0.5117014646530151,0.35249680280685425,0.4722079336643219,0.3713633120059967,0.44898658990859985,0.37287065386772156,0.4782145619392395,0.36632242798805237,0.510713517665863,0.3835292160511017,0.4878002107143402,0.3969026207923889,0.46155017614364624,0.3970714807510376,0.48997369408607483,0.39128637313842773,0.5187875032424927
5,0.34603920578956604,0.7007342576980591,0.3021436035633087,0.624205470085144,0.272784948348999,0.539738655090332,0.25484248995780945,0.46544259786605835,0.23389169573783875,0.41577309370040894,0.2981981933116913,0.4431212544441223,0.34629544615745544,0.3874661326408386,0.3610859811306,0.41713452339172363,0.35611847043037415,0.45218127965927124,0.33197298645973206,0.4474606513977051,0.37949132919311523,0.39477086067199707,0.3884598910808563,0.4321148991584778,0.37628209590911865,0.4677188992500305,0.36857885122299194,0.4661051332950592,0.4100235104560852,0.40518975257873535,0.4143076539039612,0.44438302516937256,0.4007900357246399,0.4797624945640564,0.4053148329257965,0.4957607090473175,0.43540334701538086,0.43208229541778564,0.4357728958129883,0.46578383445739746,0.42261138558387756,0.49649637937545776
5,0.36003950238227844,0.7250244617462158,0.3085804581642151,0.634836733341217,0.27372491359710693,0.5467231273651123,0.249592587351799,0.46116071939468384,0.2258967012166977,0.4016554653644562,0.32029491662979126,0.4360361695289612,0.3624208867549896,0.3902379274368286,0.371602863073349,0.4307582974433899,0.36225616931915283,0.4682135283946991,0.36250656843185425,0.44869500398635864,0.3985152840614319,0.4092750549316406,0.40173617005348206,0.45228537917137146,0.3898850977420807,0.4900413453578949,0.4034025967121124,0.47852739691734314,0.4324174225330353,0.4251713156700134,0.43222880363464355,0.4661797285079956,0.4201367497444153,0.5060343146324158,0.4408687651157379,0.5198436379432678,0.460088849067688,0.45773500204086304,0.45605260133743286,0.49353668093681335,0.4445212483406067,0.5277155637741089
5,0.5875478386878967,0.7217187285423279,0.5283262133598328,0.6569488644599915,0.4837256669998169,0.5858448147773743,0.45043399930000305,0.5091673135757446,0.4236605763435364,0.4562806785106659,0.5129802227020264,0.46375787258148193,0.5431652069091797,0.40358418226242065,0.5566441416740417,0.43765681982040405,0.5545294284820557,0.47811728715896606,0.5575391054153442,0.4540506899356842,0.5796366333961487,0.4065709114074707,0.586863100528717,0.444705992937088,0.5833775401115417,0.48683589696884155,0.6021026968955994,0.46302005648612976,0.6141266822814941,0.4068819284439087,0.6188429594039917,0.44264763593673706,0.6159175634384155,0.4857962131500244,0.6439172029495239,0.4842525124549866,0.646216869354248,0.4235377013683319,0.6472442746162415,0.45769423246383667,0.6448811888694763,0.4952414333820343
5,0.6510514616966248,0.6188798546791077,0.5891042947769165,0.5692288875579834,0.5464503765106201,0.49650079011917114,0.5150375962257385,0.4161699712276459,0.4901840090751648,0.3611758351325989,0.5940120816230774,0.36162662506103516,0.5992684960365295,0.33843231201171875,0.600631058216095,0.3789348006248474,0.6019492149353027,0.41466090083122253,0.6353779435157776,0.3526727855205536,0.634909451007843,0.3406452238559723,0.6333933472633362,0.37747853994369507,0.6360929012298584,0.4116206169128418,0.6732532978057861,0.3676642179489136,0.6694324612617493,0.34930360317230225,0.6677682995796204,0.38214215636253357,0.6688914895057678,0.4185883402824402,0.7075737118721008,0.39227500557899475,0.7041719555854797,0.36866968870162964,0.699613630771637,0.3996868133544922,0.6989843249320984,0.4318048059940338
5,0.6598445773124695,0.6503675580024719,0.5976040363311768,0.5899976491928101,0.5580266714096069,0.510753870010376,0.5294806957244873,0.42717283964157104,0.5049502849578857,0.3718445599079132,0.610595166683197,0.3871769607067108,0.6104480028152466,0.35783782601356506,0.6093329191207886,0.398867666721344,0.6104181408882141,0.4331527650356293,0.6531510949134827,0.3836935758590698,0.6473923325538635,0.36106550693511963,0.6436077952384949,0.3965790569782257,0.6458922028541565,0.4308169484138489,0.6906051635742188,0.40311720967292786,0.6820751428604126,0.3789753317832947,0.6782674789428711,0.4097541570663452,0.679087221622467,0.4457370340824127,0.7227827906608582,0.4295714497566223,0.7147253155708313,0.3991962671279907,0.7088629007339478,0.42705053091049194,0.7088102102279663,0.45794814825057983
