0,0.27228063344955444,0.8625273704528809,0.3360309898853302,0.8060072064399719,0.3821178078651428,0.7033141851425171,0.4160281717777252,0.6221140623092651,0.44370904564857483,0.5768992304801941,0.32851913571357727,0.5752311944961548,0.33559274673461914,0.4660462737083435,0.3358299732208252,0.3933228850364685,0.3363361358642578,0.3351316452026367,0.29112356901168823,0.5725361108779907,0.28550654649734497,0.44857627153396606,0.29058048129081726,0.4697793126106262,0.2966339886188507,0.5303382277488708,0.25496089458465576,0.5852330923080444,0.24847616255283356,0.4713827967643738,0.25752878189086914,0.4931985139846802,0.2653599977493286,0.5559818148612976,0.21762844920158386,0.6102033257484436,0.21349471807479858,0.5177021026611328,0.22524264454841614,0.5170628428459167,0.23581069707870483,0.5563238859176636
0,0.3555091619491577,1.0243855714797974,0.4302920997142792,0.9578605890274048,0.4848109185695648,0.8369532823562622,0.5227380990982056,0.7272937297821045,0.5571790337562561,0.653073251247406,0.4219454526901245,0.6612566113471985,0.430403470993042,0.5183432698249817,0.4324846863746643,0.42313942313194275,0.43356359004974365,0.3448060154914856,0.37441202998161316,0.6570631861686707,0.366686075925827,0.49250727891921997,0.3769987225532532,0.5327739715576172,0.3856797218322754,0.6131192445755005,0.3288193345069885,0.677047848701477,0.3226272463798523,0.534644365310669,0.33762142062187195,0.5867846012115479,0.34758657217025757,0.6684825420379639,0.2831152677536011,0.7114256620407104,0.2761627733707428,0.5953179001808167,0.29347679018974304,0.6160637736320496,0.3067880868911743,0.6737633347511292
0,0.292960524559021,0.9642794132232666,0.3732185959815979,0.9040856957435608,0.4134540557861328,0.753443717956543,0.43271610140800476,0.6232842803001404,0.4702398180961609,0.5453118085861206,0.3942382335662842,0.5678927302360535,0.4047711491584778,0.4117506146430969,0.4034302234649658,0.3144776225090027,0.3997699022293091,0.22928959131240845,0.3431108891963959,0.5553350448608398,0.35392194986343384,0.3986626863479614,0.35633084177970886,0.4923540949821472,0.35329288244247437,0.5795778632164001,0.2912222146987915,0.5702890157699585,0.29787614941596985,0.42722660303115845,0.30569756031036377,0.5319786071777344,0.30424705147743225,0.6209673285484314,0.23788005113601685,0.6031968593597412,0.24483007192611694,0.48348259925842285,0.2586064338684082,0.5419737100601196,0.26174843311309814,0.6072748899459839
0,0.32116708159446716,0.8303736448287964,0.3820212483406067,0.772515058517456,0.4129132926464081,0.6506187915802002,0.42845597863197327,0.5523951649665833,0.4502381682395935,0.48847439885139465,0.38219237327575684,0.5149908661842346,0.38242775201797485,0.38698843121528625,0.37771111726760864,0.31104153394699097,0.370076060295105,0.24650698900222778,0.3459262251853943,0.51031494140625,0.3558712303638458,0.38028591871261597,0.3653249144554138,0.441429078578949,0.3656453490257263,0.510475218296051,0.30836835503578186,0.5238735675811768,0.3118212819099426,0.40167564153671265,0.3227614462375641,0.4711160659790039,0.32389459013938904,0.5450842380523682,0.26731395721435547,0.5499587655067444,0.26899954676628113,0.4505772292613983,0.2822975516319275,0.4787191152572632,0.28602877259254456,0.5265824794769287
0,0.28381627798080444,0.9053873419761658,0.36334097385406494,0.833487868309021,0.3985922634601593,0.6773959398269653,0.41431349515914917,0.5415550470352173,0.4477676451206207,0.4637347459793091,0.367195188999176,0.5201587677001953,0.37357786297798157,0.36996960639953613,0.36822718381881714,0.27538299560546875,0.36332547664642334,0.19406944513320923,0.3200282156467438,0.5148096084594727,0.3217342495918274,0.35366082191467285,0.3289341330528259,0.42372989654541016,0.33394041657447815,0.5094045400619507,0.2731682062149048,0.5345746874809265,0.2740623354911804,0.3888882100582123,0.28648561239242554,0.46452054381370544,0.2916624844074249,0.5523768067359924,0.22482377290725708,0.5686571002006531,0.22462469339370728,0.448761522769928,0.23927119374275208,0.4808482229709625,0.24682387709617615,0.5377014875411987
0,0.29577624797821045,0.9222779870033264,0.37180519104003906,0.8472421169281006,0.40583276748657227,0.689677894115448,0.4192337095737457,0.5553887486457825,0.45154982805252075,0.4743405282497406,0.37227195501327515,0.5270832777023315,0.37453368306159973,0.37090224027633667,0.36742085218429565,0.27638036012649536,0.35985153913497925,0.19580525159835815,0.32452231645584106,0.525301992893219,0.32606974244117737,0.36164623498916626,0.336590051651001,0.4307330846786499,0.342421293258667,0.517085075378418,0.27736714482307434,0.5474768280982971,0.27598702907562256,0.39837348461151123,0.2916264235973358,0.47385165095329285,0.29887375235557556,0.5640794038772583,0.22815561294555664,0.5840340256690979,0.22512710094451904,0.4640583395957947,0.24249589443206787,0.4950258135795593,0.25198766589164734,0.5531095266342163
0,0.3401239514350891,0.7776110172271729,0.3848358392715454,0.7206003069877625,0.40008074045181274,0.6091945171356201,0.40071338415145874,0.5278761386871338,0.41383039951324463,0.47249433398246765,0.3589598834514618,0.49905580282211304,0.3530581593513489,0.3933148980140686,0.3502984642982483,0.330413281917572,0.3436797559261322,0.2785443961620331,0.3299974501132965,0.5042228102684021,0.3288942873477936,0.39522644877433777,0.34970882534980774,0.4427458345890045,0.35624903440475464,0.5025334358215332,0.30286887288093567,0.5241518020629883,0.29804104566574097,0.4197702705860138,0.32226336002349854,0.4636194109916687,0.3304266929626465,0.5220456123352051,0.2723942995071411,0.5546422600746155,0.264810174703598,0.46354565024375916,0.2861686944961548,0.4782605767250061,0.29723286628723145,0.5197187662124634
0,0.3680521845817566,0.9348255395889282,0.42970263957977295,0.8768357634544373,0.4603376090526581,0.717928409576416,0.4696832597255707,0.5968973636627197,0.49446263909339905,0.5152155756950378,0.4209837019443512,0.5634808540344238,0.42414626479148865,0.4148639738559723,0.42804574966430664,0.32482483983039856,0.4254085421562195,0.24786093831062317,0.3793788254261017,0.5632212162017822,0.38737377524375916,0.41125816106796265,0.41131797432899475,0.5013917088508606,0.41535013914108276,0.5895603895187378,0.33958157896995544,0.5861313343048096,0.3428736925125122,0.45064711570739746,0.3700813055038452,0.5387170910835266,0.37442490458488464,0.6207339763641357,0.29640424251556396,0.6224773526191711,0.2949064075946808,0.5035074353218079,0.32019293308258057,0.5434210300445557,0.32843124866485596,0.6032915711402893
0,0.25448328256607056,0.7460426092147827,0.309853732585907,0.6941946744918823,0.33764326572418213,0.5862774848937988,0.35478663444519043,0.4823608994483948,0.3850667476654053,0.42009565234184265,0.31495553255081177,0.4619259834289551,0.31987226009368896,0.34738221764564514,0.3147493004798889,0.27299389243125916,0.3108212649822235,0.21038436889648438,0.2777898907661438,0.4586167335510254,0.2768644392490387,0.329152911901474,0.27547359466552734,0.37520071864128113,0.2769077718257904,0.4376605749130249,0.24181196093559265,0.47507724165916443,0.23807476460933685,0.36180800199508667,0.2422412782907486,0.4065375030040741,0.2468070536851883,0.4697904586791992,0.20690980553627014,0.5033109784126282,0.20188367366790771,0.4129105508327484,0.21011236310005188,0.4325621724128723,0.21649691462516785,0.47663140296936035
0,0.4534469544887543,0.7975934743881226,0.5143446326255798,0.7535726428031921,0.5428557395935059,0.6283899545669556,0.5611775517463684,0.5232892036437988,0.5896445512771606,0.4642322063446045,0.5120828747749329,0.4860369563102722,0.5197383761405945,0.3599202036857605,0.5219423174858093,0.27925848960876465,0.51938796043396,0.21068716049194336,0.47437649965286255,0.48477107286453247,0.4693610966205597,0.3422310948371887,0.48796114325523376,0.3929263949394226,0.4968089759349823,0.4656682014465332,0.4386754631996155,0.5072560906410217,0.4324570298194885,0.3806740641593933,0.45703884959220886,0.4317591190338135,0.46801137924194336,0.5017762780189514,0.40119868516921997,0.5407035946846008,0.3914759159088135,0.4333237409591675,0.4123556911945343,0.4475809633731842,0.426221638917923,0.4913114309310913
0,0.36582091450691223,0.752130389213562,0.42502227425575256,0.690688967704773,0.4461691379547119,0.5624322295188904,0.45569512248039246,0.4465753436088562,0.4798824191093445,0.3674943447113037,0.40360382199287415,0.4200819134712219,0.39830800890922546,0.2830342650413513,0.3914262354373932,0.19592106342315674,0.38313028216362,0.12283718585968018,0.36256903409957886,0.4273402690887451,0.34465500712394714,0.280195951461792,0.36286789178848267,0.3243439197540283,0.37761083245277405,0.39475029706954956,0.32513734698295593,0.457571417093277,0.30833688378334045,0.325499951839447,0.3316195607185364,0.3658813238143921,0.3480135500431061,0.43594247102737427,0.28807592391967773,0.49972182512283325,0.2697833776473999,0.39116132259368896,0.28831201791763306,0.3987749218940735,0.3041486442089081,0.4421764314174652
0,0.21214911341667175,0.7454887628555298,0.2796149253845215,0.6901857852935791,0.3122785687446594,0.5579484701156616,0.33338695764541626,0.43790894746780396,0.37118083238601685,0.3651965260505676,0.2811964154243469,0.39331185817718506,0.2890652120113373,0.24630320072174072,0.2880319058895111,0.15082022547721863,0.28795143961906433,0.06865444779396057,0.2347802221775055,0.39050060510635376,0.22826789319515228,0.22474820911884308,0.23566491901874542,0.27897214889526367,0.245468869805336,0.35385099053382874,0.18813456594944,0.41227731108665466,0.18336685001850128,0.26644182205200195,0.19825685024261475,0.3174981474876404,0.20914708077907562,0.39848628640174866,0.1418324112892151,0.4496364891529083,0.1388721764087677,0.3255574703216553,0.1503787785768509,0.3404499590396881,0.15482431650161743,0.39366233348846436
0,0.5037872791290283,0.9278379678726196,0.5717613697052002,0.8848826289176941,0.6123744249343872,0.7502527236938477,0.636099100112915,0.6329556703567505,0.6706905364990234,0.5500442385673523,0.5823628306388855,0.5669468641281128,0.5924666523933411,0.4099874794483185,0.6007818579673767,0.3163939118385315,0.6017482876777649,0.2349923849105835,0.5362363457679749,0.5655389428138733,0.5386484861373901,0.3963072896003723,0.5676621198654175,0.47442615032196045,0.5784879326820374,0.5614975094795227,0.49294376373291016,0.5942161083221436,0.49072974920272827,0.4394456744194031,0.5246230959892273,0.5151716470718384,0.5372280478477478,0.5988514423370361,0.4485105276107788,0.6380678415298462,0.4412959814071655,0.5066649317741394,0.4702261686325073,0.5343773365020752,0.48560434579849243,0.5904239416122437
0,0.3298226296901703,0.8005733489990234,0.39182859659194946,0.7389708161354065,0.41567397117614746,0.6073620915412903,0.4269993305206299,0.48399707674980164,0.4530753195285797,0.3982016146183014,0.37446409463882446,0.44890356063842773,0.3705783188343048,0.3007921278476715,0.3625863790512085,0.20639240741729736,0.3535928428173065,0.12691926956176758,0.32968053221702576,0.45597630739212036,0.31154146790504456,0.29658836126327515,0.32352399826049805,0.34238606691360474,0.33588358759880066,0.41331514716148376,0.2881390154361725,0.4863753914833069,0.27123790979385376,0.3475434184074402,0.29110828042030334,0.38486602902412415,0.3080633282661438,0.4558534622192383,0.24816250801086426,0.5303894877433777,0.23216348886489868,0.4161621034145355,0.24735264480113983,0.4171525835990906,0.2614525258541107,0.4566744863986969
0,0.7016355395317078,0.9282326698303223,0.7892835736274719,0.8736844062805176,0.835581362247467,0.6978871822357178,0.8596112728118896,0.5497989058494568,0.8965389728546143,0.4441358149051666,0.7856193780899048,0.48959556221961975,0.7917004227638245,0.3066304326057434,0.7988463044166565,0.1905786395072937,0.7962260246276855,0.08918741345405579,0.7338421940803528,0.48961955308914185,0.7268836498260498,0.2905597984790802,0.768901526927948,0.36902040243148804,0.7873330116271973,0.47110795974731445,0.6855470538139343,0.5248711109161377,0.6758895516395569,0.34530749917030334,0.724267303943634,0.4208160638809204,0.7441714406013489,0.5147985816001892,0.636322557926178,0.5770593285560608,0.6206944584846497,0.42004287242889404,0.6582726836204529,0.4397556781768799,0.6818839311599731,0.49980977177619934
0,0.4786052405834198,0.9049828052520752,0.5538021922111511,0.8429483771324158,0.5883772969245911,0.690656304359436,0.5989899039268494,0.558903694152832,0.6237432360649109,0.46074360609054565,0.5387229919433594,0.500621497631073,0.5342815518379211,0.33505600690841675,0.5308554768562317,0.23179084062576294,0.5231555700302124,0.14470043778419495,0.4885566532611847,0.5077745914459229,0.47333282232284546,0.3281027674674988,0.503436803817749,0.3860558271408081,0.522022008895874,0.4730473756790161,0.4437662959098816,0.5447924733161926,0.42754900455474854,0.3820831775665283,0.46313047409057617,0.4354097247123718,0.4835704267024994,0.5206137895584106,0.3995129466056824,0.597481369972229,0.37933334708213806,0.4606536030769348,0.4064152240753174,0.46767815947532654,0.4270262122154236,0.5176528096199036
0,0.5146185159683228,0.9197639226913452,0.599157452583313,0.8518295884132385,0.634559154510498,0.6741621494293213,0.6488285660743713,0.5253421068191528,0.6824541091918945,0.4184596538543701,0.5848384499549866,0.46884623169898987,0.5860828757286072,0.28625887632369995,0.5851350426673889,0.17081528902053833,0.5783347487449646,0.07244634628295898,0.5310168266296387,0.4752758741378784,0.5193161368370056,0.27689528465270996,0.5543672442436218,0.3425232768058777,0.574576199054718,0.4419887959957123,0.48159322142601013,0.5152063369750977,0.46694430708885193,0.33461934328079224,0.5099265575408936,0.3987075984477997,0.5340253114700317,0.4955118000507355,0.4325524568557739,0.5720187425613403,0.4132120907306671,0.42028555274009705,0.44650670886039734,0.42993617057800293,0.4722963571548462,0.4856582283973694
0,0.5711216330528259,0.9174507856369019,0.6483417749404907,0.86147540807724,0.685221254825592,0.6992337107658386,0.705497682094574,0.562700092792511,0.7413050532341003,0.4666673541069031,0.6453452110290527,0.5107631087303162,0.6508066654205322,0.3436385989189148,0.6555159687995911,0.24021273851394653,0.6525795459747314,0.15095695853233337,0.5978783965110779,0.5124584436416626,0.5929976105690002,0.32823461294174194,0.6299907565116882,0.396648645401001,0.647657036781311,0.4872312545776367,0.5533946752548218,0.5466334819793701,0.5437053442001343,0.37807124853134155,0.5872092247009277,0.4439825713634491,0.607187032699585,0.5301966071128845,0.5082705020904541,0.5970485806465149,0.4932153820991516,0.45394518971443176,0.5275880098342896,0.47482308745384216,0.5502558350563049,0.5340757369995117
0,0.3311988413333893,0.8737679719924927,0.4057229161262512,0.8246961832046509,0.4466017484664917,0.6815516948699951,0.466635525226593,0.5506951212882996,0.49849259853363037,0.4582439661026001,0.4121551215648651,0.48610177636146545,0.42062756419181824,0.3183988928794861,0.4204173684120178,0.20820701122283936,0.41737547516822815,0.11347553133964539,0.3609873652458191,0.48132002353668213,0.3580581247806549,0.29484063386917114,0.3722756505012512,0.35627803206443787,0.38139989972114563,0.4430302381515503,0.31169623136520386,0.5043994188308716,0.3053942322731018,0.340994656085968,0.3279150724411011,0.39345604181289673,0.3413064181804657,0.4821118116378784,0.2622097134590149,0.5440424680709839,0.252516508102417,0.4032900631427765,0.27370473742485046,0.4130593240261078,0.289071261882782,0.46729403734207153
0,0.3402460515499115,0.8768725395202637,0.42016008496284485,0.8198215961456299,0.474490225315094,0.6811001300811768,0.5203190445899963,0.5668197274208069,0.570357084274292,0.519241452217102,0.4209759831428528,0.47435513138771057,0.4245578348636627,0.3137645721435547,0.4223078489303589,0.20660269260406494,0.4197765588760376,0.11834970116615295,0.3709128499031067,0.47470876574516296,0.36420363187789917,0.291088342666626,0.37545084953308105,0.3541550934314728,0.3852458596229553,0.44948720932006836,0.3222116529941559,0.5001487135887146,0.31512516736984253,0.3415522575378418,0.33389076590538025,0.3886299133300781,0.34676575660705566,0.47442078590393066,0.2716246247291565,0.5405558347702026,0.26433974504470825,0.40505528450012207,0.2825665771961212,0.4053689241409302,0.2970569431781769,0.44704627990722656
1,0.34084853529930115,0.3057900667190552,0.4078591465950012,0.3363950252532959,0.4830624461174011,0.40379589796066284,0.544493556022644,0.4187752604484558,0.5933531522750854,0.4005576968193054,0.45724499225616455,0.45386719703674316,0.4768344759941101,0.625135600566864,0.4826151430606842,0.7278283834457397,0.48120200634002686,0.8107340335845947,0.40566644072532654,0.46942582726478577,0.4235595166683197,0.6836977005004883,0.4240308701992035,0.6343774199485779,0.4203492999076843,0.5558929443359375,0.35499656200408936,0.4814153015613556,0.3748537600040436,0.6661052703857422,0.3759821057319641,0.6161088943481445,0.37198373675346375,0.5488405227661133,0.3087218999862671,0.4895501434803009,0.331018328666687,0.639448881149292,0.3365320861339569,0.601768970489502,0.3353147506713867,0.5450295805931091
1,0.562608540058136,0.19577129185199738,0.6334490180015564,0.24104750156402588,0.7108110189437866,0.3226103186607361,0.771537184715271,0.353058397769928,0.8246676921844482,0.3486180603504181,0.7043479084968567,0.390478253364563,0.7294526100158691,0.5707131624221802,0.7342891693115234,0.68125981092453,0.7354525923728943,0.7707072496414185,0.6656090021133423,0.3885902166366577,0.6601269841194153,0.6096867918968201,0.6406798362731934,0.5608749985694885,0.6342146992683411,0.4866321384906769,0.6153719425201416,0.3847630023956299,0.610205352306366,0.5810353755950928,0.5979239344596863,0.5289387702941895,0.5965344905853271,0.46191078424453735,0.5626718997955322,0.3796485364437103,0.5671222805976868,0.5444974899291992,0.5637838840484619,0.502038300037384,0.565426230430603,0.4371470808982849
1,0.3149280548095703,0.34253114461898804,0.37027108669281006,0.35843175649642944,0.4322671890258789,0.40080708265304565,0.4833346903324127,0.40858179330825806,0.525173008441925,0.39056360721588135,0.4016885459423065,0.44890859723091125,0.4003869891166687,0.562197208404541,0.3967967927455902,0.6357388496398926,0.3908878564834595,0.692392110824585,0.35615822672843933,0.47191256284713745,0.3644667863845825,0.5252751708030701,0.36769232153892517,0.5141782164573669,0.3667716383934021,0.48837196826934814,0.3134232461452484,0.4767816364765167,0.32859984040260315,0.5010461807250977,0.33073240518569946,0.4887675344944,0.3306945264339447,0.46509769558906555,0.2765744924545288,0.4773547053337097,0.2867819666862488,0.4924337863922119,0.2920791506767273,0.4790494740009308,0.29507070779800415,0.4616227447986603
1,0.538544774055481,0.19773821532726288,0.617336094379425,0.23133255541324615,0.7081990242004395,0.30117684602737427,0.777664065361023,0.31318700313568115,0.8414356708526611,0.2903909683227539,0.696196436882019,0.36265304684638977,0.7238137722015381,0.562476634979248,0.7299372553825378,0.6841779947280884,0.7323775291442871,0.7864437103271484,0.642138659954071,0.36015790700912476,0.6488214731216431,0.62471604347229,0.6370863318443298,0.556566059589386,0.6315013766288757,0.4593713879585266,0.5819790363311768,0.36337509751319885,0.5910173654556274,0.5917686223983765,0.5835545659065247,0.5237908959388733,0.5807230472564697,0.43983614444732666,0.5240980982780457,0.3707105815410614,0.5393362045288086,0.5493753552436829,0.5397136807441711,0.49115514755249023,0.5392166972160339,0.41031405329704285
1,0.39578914642333984,0.22287225723266602,0.47124308347702026,0.24522088468074799,0.5562491416931152,0.28538429737091064,0.6288433074951172,0.2560441493988037,0.6866357326507568,0.19249272346496582,0.4996049702167511,0.29076188802719116,0.5212145447731018,0.5159702897071838,0.530092716217041,0.6386404037475586,0.5288566946983337,0.73907071352005,0.4283164441585541,0.29627758264541626,0.4666481912136078,0.5787730813026428,0.477693647146225,0.5253684520721436,0.4758533239364624,0.4380732774734497,0.369859904050827,0.3161892890930176,0.41710638999938965,0.571617841720581,0.4286388158798218,0.5094991326332092,0.4261636435985565,0.4258173108100891,0.32429081201553345,0.34280261397361755,0.3620702624320984,0.5349466800689697,0.37723231315612793,0.491080641746521,0.378739595413208,0.4231802821159363
1,0.25535181164741516,0.26530611515045166,0.33558550477027893,0.2862471640110016,0.4165029525756836,0.3355512022972107,0.4907834827899933,0.32948195934295654,0.5496817827224731,0.2928626537322998,0.3485371768474579,0.37320882081985474,0.35356998443603516,0.6049330234527588,0.3625326156616211,0.7310186624526978,0.36038434505462646,0.8318551778793335,0.2761370539665222,0.40291327238082886,0.31252193450927734,0.657940149307251,0.3377062976360321,0.6024500727653503,0.33837008476257324,0.5217909812927246,0.22228886187076569,0.42719995975494385,0.26378750801086426,0.65667325258255,0.28680482506752014,0.5948742628097534,0.2842521369457245,0.5194889307022095,0.18422676622867584,0.4474278688430786,0.21392136812210083,0.6262209415435791,0.23461613059043884,0.5797452926635742,0.23447185754776,0.5147853493690491
1,0.4415701627731323,0.29376232624053955,0.5139467120170593,0.32734912633895874,0.6004632115364075,0.3799077570438385,0.66782546043396,0.3820105791091919,0.7289990186691284,0.3460642099380493,0.5780057907104492,0.39734989404678345,0.6071987748146057,0.5893595218658447,0.6139655113220215,0.7040495872497559,0.6166855692863464,0.7996440529823303,0.5203303694725037,0.3920225203037262,0.5459890365600586,0.6526405811309814,0.5378588438034058,0.6018865704536438,0.5284677743911743,0.5122830271720886,0.4605795741081238,0.4047774076461792,0.4896010160446167,0.6322323083877563,0.4866856336593628,0.5827063322067261,0.480793297290802,0.5013648271560669,0.4113866090774536,0.42511940002441406,0.43943917751312256,0.5998937487602234,0.4441796541213989,0.5616774559020996,0.44223397970199585,0.4932033121585846
1,0.5212021470069885,0.3199402093887329,0.6007526516914368,0.34704893827438354,0.6808673143386841,0.3822380602359772,0.7430710792541504,0.3735068142414093,0.8024966716766357,0.3284526467323303,0.6663275361061096,0.3913241922855377,0.6973477005958557,0.5724928975105286,0.7064691185951233,0.6897642612457275,0.7151635885238647,0.791819155216217,0.6093671321868896,0.37875473499298096,0.6360180377960205,0.6290497779846191,0.618377149105072,0.5859787464141846,0.6049728393554688,0.5095440149307251,0.547977089881897,0.3927609622478485,0.5780233144760132,0.6057791113853455,0.5685555338859558,0.5620306730270386,0.5611095428466797,0.4879446029663086,0.4980093240737915,0.40992456674575806,0.52529376745224,0.571239709854126,0.5261532664299011,0.5293466448783875,0.5205637812614441,0.45968762040138245
1,0.46541348099708557,0.458921879529953,0.5282593369483948,0.4412296712398529,0.6053508520126343,0.39573782682418823,0.6578355431556702,0.3536500036716461,0.7069438099861145,0.3082420229911804,0.5657878518104553,0.3587963283061981,0.5833614468574524,0.5743902325630188,0.5864721536636353,0.6900222301483154,0.5887820720672607,0.7787993550300598,0.5004550218582153,0.3549060821533203,0.5199040174484253,0.6090608239173889,0.5114696025848389,0.5621958374977112,0.5024031400680542,0.4776228964328766,0.44683653116226196,0.37450331449508667,0.46805569529533386,0.5979775190353394,0.46638160943984985,0.5476895570755005,0.4671124815940857,0.47280022501945496,0.40181994438171387,0.39926549792289734,0.42383700609207153,0.5753160119056702,0.426553338766098,0.5390306115150452,0.4232209324836731,0.47952643036842346
1,0.44875258207321167,0.3989466428756714,0.513119637966156,0.40425312519073486,0.5920611023902893,0.3851264715194702,0.6473409533500671,0.36341309547424316,0.699634313583374,0.31675124168395996,0.5263821482658386,0.36807307600975037,0.543574869632721,0.6050872802734375,0.5476873517036438,0.7120850086212158,0.5479192137718201,0.7885605096817017,0.4590951204299927,0.367157906293869,0.48257797956466675,0.6330453753471375,0.48201698064804077,0.5761184692382812,0.4732922911643982,0.4907379150390625,0.40739551186561584,0.3890396058559418,0.42799216508865356,0.6215149164199829,0.43204525113105774,0.5617091655731201,0.4342461824417114,0.4851130247116089,0.3675280809402466,0.4135401248931885,0.3858680725097656,0.5980915427207947,0.3955569565296173,0.5545089840888977,0.39470306038856506,0.4912702441215515
1,0.48417186737060547,0.3337785005569458,0.5593668818473816,0.3679765462875366,0.6466014385223389,0.42382705211639404,0.7136710286140442,0.4148978888988495,0.7768665552139282,0.37102434039115906,0.6197548508644104,0.4472273588180542,0.6354215145111084,0.6598420143127441,0.6381946206092834,0.7780066728591919,0.6375583410263062,0.8793883323669434,0.5574533343315125,0.43705520033836365,0.5763649940490723,0.7099103331565857,0.5763929486274719,0.650705099105835,0.5735962390899658,0.5530456900596619,0.4959530234336853,0.44587039947509766,0.5215111970901489,0.6806440949440002,0.524033784866333,0.6229532957077026,0.5244452953338623,0.5375180244445801,0.44603365659713745,0.4619862735271454,0.4711438715457916,0.6367356777191162,0.4787340760231018,0.5921428799629211,0.4788960814476013,0.5200064182281494
1,0.5819390416145325,0.24038922786712646,0.6910273432731628,0.2800212502479553,0.8244567513465881,0.340057909488678,0.9272373914718628,0.3273921012878418,1.0148273706436157,0.2637709677219391,0.8042867183685303,0.4048624336719513,0.8490258455276489,0.7068372368812561,0.8614538908004761,0.8938536643981934,0.8709399700164795,1.0492298603057861,0.7228319644927979,0.39636147022247314,0.7540317177772522,0.7806729078292847,0.7344121932983398,0.685884952545166,0.7186548113822937,0.5336025953292847,0.6309613585472107,0.41278690099716187,0.6642323136329651,0.7408457398414612,0.6507500410079956,0.6516616344451904,0.6412026882171631,0.5164774656295776,0.5552935004234314,0.4374190866947174,0.5900436639785767,0.6819722652435303,0.5893139839172363,0.6075433492660522,0.5835170149803162,0.4895864427089691
1,0.37223395705223083,0.26467257738113403,0.45742207765579224,0.2738798260688782,0.5446190237998962,0.30156731605529785,0.6312310695648193,0.2611265182495117,0.6973700523376465,0.197383314371109,0.46486857533454895,0.28910234570503235,0.4904387891292572,0.5740523934364319,0.5114656090736389,0.7337973117828369,0.5160291790962219,0.8574844598770142,0.3745774030685425,0.32207190990448,0.428055077791214,0.642501711845398,0.4620250463485718,0.5888019800186157,0.4662856459617615,0.4926494359970093,0.30762940645217896,0.3538498878479004,0.36867615580558777,0.6360464096069336,0.40020257234573364,0.5720310807228088,0.39781028032302856,0.47942915558815,0.2599448561668396,0.38278505206108093,0.30426478385925293,0.5846021771430969,0.3345264494419098,0.5488362312316895,0.3391757309436798,0.4881189167499542
1,0.47734692692756653,0.5112751722335815,0.5497188568115234,0.5148916840553284,0.6149849891662598,0.45685553550720215,0.663519561290741,0.40045881271362305,0.7053123712539673,0.33519113063812256,0.587011992931366,0.3419473171234131,0.607714056968689,0.4608934223651886,0.6132100820541382,0.5580301284790039,0.6154187917709351,0.6198283433914185,0.5349503755569458,0.3195589780807495,0.5478812456130981,0.501613974571228,0.532477080821991,0.5259923934936523,0.516117513179779,0.4924149513244629,0.48390868306159973,0.3331424593925476,0.4999002516269684,0.5036805272102356,0.4912976026535034,0.5123752355575562,0.4828660488128662,0.4690728187561035,0.43596649169921875,0.35864824056625366,0.4511122405529022,0.4799836575984955,0.45583751797676086,0.49722814559936523,0.4511162042617798,0.4725354313850403
1,0.4826067090034485,0.49961650371551514,0.5501503944396973,0.5008448958396912,0.6087309718132019,0.4472062289714813,0.6546239852905273,0.3983553647994995,0.6953366994857788,0.33532679080963135,0.5716038942337036,0.34938034415245056,0.5848262906074524,0.4875290095806122,0.5926383137702942,0.5765575766563416,0.595562756061554,0.6376875638961792,0.517892599105835,0.33392152190208435,0.5320454239845276,0.5275195837020874,0.5236409902572632,0.5210105776786804,0.5100139379501343,0.4764118790626526,0.47026583552360535,0.35180357098579407,0.4886045455932617,0.5278196334838867,0.4833858013153076,0.5149139165878296,0.47610709071159363,0.4669954180717468,0.4260965585708618,0.382470041513443,0.44361573457717896,0.5078820586204529,0.44670552015304565,0.5066497325897217,0.43916624784469604,0.4738259017467499
1,0.4604141116142273,0.36799395084381104,0.5288078188896179,0.3941400647163391,0.5991120338439941,0.4311482012271881,0.6526814103126526,0.4279671907424927,0.70252525806427,0.3917623460292816,0.5836628079414368,0.4440646767616272,0.6042181253433228,0.6103658080101013,0.6081182360649109,0.7093806862831116,0.6097684502601624,0.7911138534545898,0.5358675122261047,0.4328347146511078,0.5540679693222046,0.6600617170333862,0.5420612096786499,0.6169908046722412,0.5319091081619263,0.5423071384429932,0.4848213493824005,0.44332024455070496,0.505433201789856,0.6379767656326294,0.49960628151893616,0.5987656712532043,0.49508559703826904,0.5314430594444275,0.4432612359523773,0.4590264558792114,0.46402931213378906,0.6088352203369141,0.46619972586631775,0.5760340094566345,0.46269547939300537,0.5160461664199829
1,0.4742077887058258,0.389793336391449,0.5419860482215881,0.4196391999721527,0.6143344044685364,0.46210870146751404,0.6692125201225281,0.4614683985710144,0.7205770015716553,0.4291875660419464,0.5989828705787659,0.47326308488845825,0.6199091672897339,0.6360262632369995,0.6222942471504211,0.7351199984550476,0.623677670955658,0.8211962580680847,0.5523675680160522,0.46220600605010986,0.5694392323493958,0.6926103234291077,0.5605950951576233,0.6519400477409363,0.5537885427474976,0.5771569609642029,0.5016103982925415,0.4720492362976074,0.5213316679000854,0.668619692325592,0.5177984237670898,0.6276268362998962,0.515518307685852,0.558098554611206,0.45891404151916504,0.4863339066505432,0.476313054561615,0.6364991068840027,0.48163944482803345,0.6019580364227295,0.48176151514053345,0.5403575301170349
1,0.46593761444091797,0.3781069815158844,0.5338524580001831,0.40704724192619324,0.6076920032501221,0.45131224393844604,0.6639306545257568,0.4504662752151489,0.716660737991333,0.41954517364501953,0.5907306671142578,0.46634072065353394,0.6111562252044678,0.6377814412117004,0.613598644733429,0.738403856754303,0.6151224374771118,0.824083149433136,0.5438408255577087,0.4568485915660858,0.560951292514801,0.6899505853652954,0.5523808598518372,0.6466456055641174,0.5451631546020508,0.5678926706314087,0.49280232191085815,0.46677330136299133,0.5120246410369873,0.662896454334259,0.5079832673072815,0.6216248273849487,0.5058242082595825,0.5500882863998413,0.45059239864349365,0.4814217984676361,0.46753573417663574,0.6307921409606934,0.4704282283782959,0.5948092341423035,0.46934524178504944,0.5301772952079773
1,0.4707322120666504,0.38007891178131104,0.5395830273628235,0.4101056456565857,0.61312335729599,0.45652955770492554,0.6702451705932617,0.4531569480895996,0.7234448790550232,0.4215088188648224,0.595493733882904,0.4797419607639313,0.6157246828079224,0.6519209742546082,0.6180455684661865,0.7528142929077148,0.6187198758125305,0.8367939591407776,0.5477743744850159,0.4682709872722626,0.5627930164337158,0.7048325538635254,0.5572426319122314,0.6619741320610046,0.5531758069992065,0.5822367668151855,0.49621260166168213,0.4766363799571991,0.5146668553352356,0.6773859858512878,0.5136549472808838,0.6355499625205994,0.5136245489120483,0.5628380179405212,0.4532192349433899,0.4920780062675476,0.4699745178222656,0.6450129747390747,0.47536543011665344,0.6112367510795593,0.4761291742324829,0.5477853417396545
1,0.3797472417354584,0.3354003429412842,0.4507390558719635,0.3619271516799927,0.5323980450630188,0.4152194857597351,0.597518801689148,0.40443041920661926,0.6496667265892029,0.36004215478897095,0.49060747027397156,0.4334784150123596,0.500747799873352,0.636512815952301,0.5026727318763733,0.7432993650436401,0.49909549951553345,0.8281732797622681,0.42997482419013977,0.4388367831707001,0.45576411485671997,0.6803723573684692,0.46205729246139526,0.6316714286804199,0.46144959330558777,0.5483500957489014,0.37679073214530945,0.45223110914230347,0.41043785214424133,0.6657230257987976,0.4159112274646759,0.6125447154045105,0.4152018129825592,0.5357499122619629,0.33359086513519287,0.4698040783405304,0.3642417788505554,0.6355929374694824,0.37318769097328186,0.5914138555526733,0.3734360337257385,0.5232886672019958
2,0.3603089153766632,0.5601757168769836,0.4230523705482483,0.5329245328903198,0.48234331607818604,0.45367926359176636,0.5292750000953674,0.38557595014572144,0.5681775212287903,0.3505057990550995,0.4482204020023346,0.3047618865966797,0.4551820755004883,0.2451200634241104,0.4445444941520691,0.338163822889328,0.4413747489452362,0.36002781987190247,0.40616172552108765,0.2886757552623749,0.4121708869934082,0.2279941439628601,0.407209187746048,0.33733078837394714,0.4051511883735657,0.3490886688232422,0.364843487739563,0.29224053025245667,0.3677884042263031,0.23177896440029144,0.371073454618454,0.33081597089767456,0.3721528649330139,0.3463112413883209,0.32409822940826416,0.30725204944610596,0.32494592666625977,0.26707151532173157,0.33542338013648987,0.3325318694114685,0.33934250473976135,0.3535812497138977
2,0.3713231086730957,0.544354259967804,0.4228251576423645,0.5160127878189087,0.45603808760643005,0.4410821199417114,0.47331637144088745,0.36467689275741577,0.4724249243736267,0.3036854565143585,0.44647249579429626,0.3258708715438843,0.45484575629234314,0.23091240227222443,0.46197807788848877,0.2484913468360901,0.4609518349170685,0.2923344671726227,0.41705718636512756,0.3129255771636963,0.42112216353416443,0.19864602386951447,0.4286848306655884,0.2358548641204834,0.42740294337272644,0.293753981590271,0.38714489340782166,0.31303107738494873,0.3889189064502716,0.21041429042816162,0.39882951974868774,0.2460651397705078,0.39922624826431274,0.29965123534202576,0.3560771346092224,0.3210502862930298,0.3579351305961609,0.24352353811264038,0.3680965304374695,0.2589521110057831,0.37093526124954224,0.2964354157447815
2,0.5273903608322144,0.5721960663795471,0.5819184184074402,0.5451067686080933,0.6165281534194946,0.4588456153869629,0.6321535706520081,0.37876173853874207,0.6408171057701111,0.3224232792854309,0.6044090986251831,0.3391294479370117,0.6183114051818848,0.23762601613998413,0.6318329572677612,0.2695333957672119,0.6308873891830444,0.32158365845680237,0.5739195346832275,0.32521334290504456,0.5845789909362793,0.2030327469110489,0.5984017252922058,0.2561856508255005,0.5956664681434631,0.31977948546409607,0.5421603918075562,0.3237802982330322,0.5492598414421082,0.2090814709663391,0.5644987225532532,0.26092010736465454,0.5621131062507629,0.32582905888557434,0.5082842111587524,0.3305681347846985,0.5163716673851013,0.24424773454666138,0.531890332698822,0.27126437425613403,0.5333212018013,0.3198666572570801
2,0.35325202345848083,0.64854896068573,0.4033581018447876,0.6256270408630371,0.4374544620513916,0.5494820475578308,0.44859790802001953,0.4711485207080841,0.44593319296836853,0.4192808270454407,0.4261753261089325,0.4426891803741455,0.43133264780044556,0.3497600853443146,0.43281814455986023,0.3836885690689087,0.4291788637638092,0.4357188642024994,0.39553824067115784,0.4336109161376953,0.39913833141326904,0.32945889234542847,0.4012453258037567,0.38221272826194763,0.39893805980682373,0.44039681553840637,0.3662775754928589,0.43748441338539124,0.3673417270183563,0.34133827686309814,0.37217000126838684,0.39340731501579285,0.37193456292152405,0.4474766254425049,0.3367922902107239,0.4497744143009186,0.3379272222518921,0.37824031710624695,0.34508028626441956,0.40375301241874695,0.3473048508167267,0.4397364556789398
2,0.3456142842769623,0.6731417179107666,0.40683767199516296,0.6340993642807007,0.44624125957489014,0.5314124226570129,0.4653177857398987,0.4330716133117676,0.4518945813179016,0.362607479095459,0.4254656136035919,0.4116421639919281,0.43208903074264526,0.3026820421218872,0.4428339898586273,0.3177151083946228,0.4436420798301697,0.3703151345252991,0.3915517330169678,0.40034934878349304,0.3932126760482788,0.27077919244766235,0.4042319059371948,0.30918487906455994,0.4047030806541443,0.3768024444580078,0.3566820025444031,0.4043199121952057,0.3583688735961914,0.28894153237342834,0.3704758584499359,0.3259197771549225,0.3706613779067993,0.391956090927124,0.319578617811203,0.4172162711620331,0.32474204897880554,0.32588574290275574,0.3374883532524109,0.3428604006767273,0.3400835692882538,0.39159002900123596
2,0.4126616418361664,0.644689679145813,0.46956300735473633,0.6088176965713501,0.5045256018638611,0.5125884413719177,0.5243441462516785,0.4190308153629303,0.5139978528022766,0.3543596565723419,0.4834504723548889,0.3948040306568146,0.4901629090309143,0.2856173813343048,0.5012428760528564,0.30936071276664734,0.5021046996116638,0.3637498617172241,0.4504576027393341,0.3847559094429016,0.45301270484924316,0.2603992223739624,0.46480536460876465,0.3046935796737671,0.4648965001106262,0.3671211004257202,0.4167252480983734,0.3901732563972473,0.41866540908813477,0.275579035282135,0.43171173334121704,0.32333001494407654,0.43216031789779663,0.3856073021888733,0.3816910684108734,0.4042602479457855,0.385445773601532,0.3193119168281555,0.3984085023403168,0.34273800253868103,0.4012734293937683,0.38738879561424255
2,0.4224315285682678,0.6485295295715332,0.47956582903862,0.6125443577766418,0.5154950022697449,0.5211261510848999,0.5367892980575562,0.4360993206501007,0.5311533808708191,0.3788149356842041,0.49475425481796265,0.4133423864841461,0.5032349824905396,0.30921193957328796,0.515152096748352,0.33631783723831177,0.5145218372344971,0.39225324988365173,0.463788777589798,0.40366774797439575,0.46804898977279663,0.2820870876312256,0.48033252358436584,0.3267388939857483,0.4791397452354431,0.3900953233242035,0.43165138363838196,0.40728655457496643,0.4340544641017914,0.296623170375824,0.44752633571624756,0.337793231010437,0.4472457766532898,0.39880889654159546,0.3979789614677429,0.41779911518096924,0.40174049139022827,0.33404284715652466,0.41551893949508667,0.35117974877357483,0.41895630955696106,0.39360058307647705
2,0.4019407629966736,0.6270099878311157,0.45790499448776245,0.5927110910415649,0.49381789565086365,0.5054609775543213,0.510788083076477,0.42080292105674744,0.5006710886955261,0.36476874351501465,0.47017550468444824,0.4001506268978119,0.4789167046546936,0.3035888969898224,0.491160124540329,0.33058643341064453,0.4915924072265625,0.38393551111221313,0.43994176387786865,0.39020776748657227,0.44424304366111755,0.27524927258491516,0.45599165558815,0.31702423095703125,0.45514172315597534,0.379260390996933,0.40850216150283813,0.39296185970306396,0.4120417535305023,0.2925179898738861,0.4246768355369568,0.3338810205459595,0.42444053292274475,0.39395761489868164,0.375860333442688,0.4025100767612457,0.3814481794834137,0.32465389370918274,0.3950038552284241,0.3449956476688385,0.39825910329818726,0.38847091794013977
2,0.39442068338394165,0.6374693512916565,0.44952598214149475,0.605367124080658,0.48297539353370667,0.5140248537063599,0.49283260107040405,0.42167186737060547,0.4795757830142975,0.3569127321243286,0.46327200531959534,0.40499186515808105,0.46935534477233887,0.30906161665916443,0.4774019718170166,0.31273365020751953,0.4779644012451172,0.3519025146961212,0.4322930574417114,0.39562371373176575,0.4350944757461548,0.2791047692298889,0.44289642572402954,0.3143689036369324,0.4427071511745453,0.3752793073654175,0.40149229764938354,0.40050700306892395,0.40286892652511597,0.2982340157032013,0.4130505323410034,0.33387818932533264,0.41379687190055847,0.39445024728775024,0.3684735596179962,0.4139762818813324,0.371214896440506,0.3303806483745575,0.3821713328361511,0.3469158113002777,0.3851322829723358,0.3908376395702362
2,0.20689141750335693,0.8684675693511963,0.2756149470806122,0.8076837062835693,0.31934669613838196,0.6786270141601562,0.3385469317436218,0.5627754926681519,0.3202285170555115,0.4779711663722992,0.2833388149738312,0.5187385678291321,0.28375470638275146,0.3756803870201111,0.2855970859527588,0.425555020570755,0.28508105874061584,0.5070715546607971,0.2316320687532425,0.5135346055030823,0.22792677581310272,0.3462154269218445,0.22963717579841614,0.4256945848464966,0.2342323362827301,0.5184474587440491,0.18303383886814117,0.5286337733268738,0.175729900598526,0.3907892107963562,0.18412715196609497,0.4616162180900574,0.1937073916196823,0.5428818464279175,0.13742849230766296,0.5575703382492065,0.13098272681236267,0.4458075165748596,0.14238321781158447,0.4656965732574463,0.15312230587005615,0.5111081600189209
2,0.4408666789531708,0.8505295515060425,0.509403645992279,0.8048619627952576,0.5532996654510498,0.6782587766647339,0.5703299045562744,0.5698863863945007,0.5776203274726868,0.4840318262577057,0.5306351184844971,0.5052263140678406,0.5430776476860046,0.36324062943458557,0.5609152317047119,0.4203166961669922,0.5624411702156067,0.5001748204231262,0.48522141575813293,0.4976014792919159,0.49645212292671204,0.3356861472129822,0.5135855674743652,0.4278615415096283,0.5119657516479492,0.5187577605247498,0.44036436080932617,0.5082647800445557,0.44270795583724976,0.35485929250717163,0.4646506607532501,0.4358883500099182,0.4674103260040283,0.5259617567062378,0.3938656151294708,0.534157395362854,0.3957643508911133,0.41911372542381287,0.4172040820121765,0.45611390471458435,0.42380276322364807,0.5160028338432312
2,0.4573303461074829,0.8627710938453674,0.5254482626914978,0.821273684501648,0.5665279626846313,0.6997246742248535,0.5835789442062378,0.5987614393234253,0.5988633632659912,0.5298543572425842,0.5528408885002136,0.5360508561134338,0.5688329935073853,0.4040389060974121,0.584170937538147,0.4630279541015625,0.5823872685432434,0.54011070728302,0.5099964141845703,0.5255060195922852,0.5238706469535828,0.37142667174339294,0.5399331450462341,0.4605187177658081,0.5365504026412964,0.5468239784240723,0.46696236729621887,0.532739520072937,0.47063782811164856,0.3899742662906647,0.4925479590892792,0.4700270891189575,0.49379464983940125,0.5565136075019836,0.4214787781238556,0.5541489124298096,0.4247327446937561,0.4423298239707947,0.4465470016002655,0.4796925187110901,0.4530720114707947,0.5388020873069763
2,0.2954216003417969,0.8018708229064941,0.3514639139175415,0.7700568437576294,0.39427781105041504,0.6940641403198242,0.40916070342063904,0.6179035902023315,0.4118235111236572,0.5563370585441589,0.4039563238620758,0.5227663516998291,0.41038328409194946,0.4005236029624939,0.40239229798316956,0.45944762229919434,0.3932819366455078,0.5253353118896484,0.3605862855911255,0.5051702260971069,0.3648867905139923,0.36679622530937195,0.3583661615848541,0.4489152729511261,0.3527129590511322,0.5250753164291382,0.3184913992881775,0.5041881799697876,0.320249080657959,0.3774620294570923,0.3196924924850464,0.4487488567829132,0.31715908646583557,0.5156396627426147,0.27677831053733826,0.5188196301460266,0.27538466453552246,0.42822298407554626,0.2815914750099182,0.4585952162742615,0.2849619388580322,0.4960694909095764
2,0.4036303460597992,0.7831047773361206,0.45237666368484497,0.7434924840927124,0.47908473014831543,0.6508200764656067,0.48961806297302246,0.577158510684967,0.4951269328594208,0.5281158089637756,0.46151402592658997,0.526800811290741,0.46874022483825684,0.4213959276676178,0.48201069235801697,0.4662693738937378,0.48203352093696594,0.5232599377632141,0.4293898642063141,0.5250167846679688,0.4325104057788849,0.4068025052547455,0.4482501149177551,0.47263240814208984,0.44805479049682617,0.5356923341751099,0.3975682258605957,0.5353144407272339,0.39512258768081665,0.4242960810661316,0.4142356216907501,0.4842666685581207,0.41686108708381653,0.5455874800682068,0.36457139253616333,0.5545161962509155,0.3633747100830078,0.470045804977417,0.38051703572273254,0.49771648645401,0.38561245799064636,0.5388957858085632
2,0.41833674907684326,0.7582770586013794,0.48070400953292847,0.721701979637146,0.5205348134040833,0.6172314882278442,0.5361617803573608,0.5167064666748047,0.5340986251831055,0.4423765540122986,0.49837982654571533,0.4869273602962494,0.5085050463676453,0.37180694937705994,0.5173331499099731,0.41557738184928894,0.5150584578514099,0.48008984327316284,0.46243077516555786,0.47664976119995117,0.4697583019733429,0.34155988693237305,0.4794549345970154,0.40801528096199036,0.47708186507225037,0.48299261927604675,0.4263610243797302,0.48065292835235596,0.4300422966480255,0.3569394648075104,0.44326648116111755,0.419169545173645,0.4429318904876709,0.492223858833313,0.3885628581047058,0.4934963881969452,0.3922927975654602,0.3984001576900482,0.4070170819759369,0.4289630651473999,0.410611093044281,0.4801342487335205
2,0.43540552258491516,0.7585101127624512,0.49584993720054626,0.7256645560264587,0.5329841375350952,0.6290467381477356,0.5450271964073181,0.536372184753418,0.5421265959739685,0.4644258916378021,0.5086208581924438,0.4994525611400604,0.5208370089530945,0.38578224182128906,0.5319132804870605,0.4330557584762573,0.5295131802558899,0.49699652194976807,0.4740211069583893,0.491057813167572,0.4820592999458313,0.35639816522598267,0.4948720633983612,0.42598602175712585,0.4934473931789398,0.49725785851478577,0.4394444525241852,0.4956374764442444,0.442045658826828,0.3734343647956848,0.4590347707271576,0.4349995255470276,0.4604557454586029,0.5062642693519592,0.40339982509613037,0.5096769332885742,0.40690016746520996,0.416381299495697,0.4246121048927307,0.44567257165908813,0.4300478398799896,0.49526247382164
2,0.3225387632846832,0.7431575655937195,0.3894563615322113,0.6919970512390137,0.4271417260169983,0.5770113468170166,0.44302672147750854,0.4646710753440857,0.44242918491363525,0.37279340624809265,0.40658092498779297,0.4538882076740265,0.41646283864974976,0.33351802825927734,0.4226391911506653,0.361491322517395,0.42055270075798035,0.42261385917663574,0.36976248025894165,0.44442111253738403,0.37594515085220337,0.2997337877750397,0.38316336274147034,0.3591174781322479,0.38219428062438965,0.43537402153015137,0.3319743871688843,0.44933226704597473,0.33421048521995544,0.31828439235687256,0.34585389494895935,0.3755083680152893,0.346924751996994,0.45277321338653564,0.2917848229408264,0.4649728834629059,0.2955324649810791,0.36550238728523254,0.30924564599990845,0.3941097855567932,0.31356191635131836,0.44908201694488525
2,0.34649622440338135,0.7438246011734009,0.4123365581035614,0.692276120185852,0.4499788284301758,0.571475088596344,0.45955222845077515,0.4586191475391388,0.4529164433479309,0.37544456124305725,0.4248788058757782,0.444896399974823,0.43104565143585205,0.3304194211959839,0.43810319900512695,0.3579200506210327,0.4375074505805969,0.4223879873752594,0.38686883449554443,0.43772298097610474,0.3885095417499542,0.2960728406906128,0.39864587783813477,0.3497104048728943,0.4008537530899048,0.4295091927051544,0.3492635190486908,0.4463120698928833,0.3473341464996338,0.3210316300392151,0.3620004951953888,0.37237194180488586,0.3664802014827728,0.4516391456127167,0.30941176414489746,0.46642979979515076,0.309490442276001,0.36505261063575745,0.32415276765823364,0.38824525475502014,0.33110877871513367,0.44403693079948425
2,0.36360952258110046,0.7344977855682373,0.42919665575027466,0.6854639649391174,0.4648847281932831,0.5713239908218384,0.4767018258571625,0.46071457862854004,0.47361940145492554,0.37175458669662476,0.4406466484069824,0.4439416229724884,0.4485129714012146,0.32613933086395264,0.4570000469684601,0.36111265420913696,0.4553525149822235,0.42512640357017517,0.4039058983325958,0.4364887773990631,0.406492680311203,0.29214924573898315,0.418070524930954,0.3521766662597656,0.41870275139808655,0.43004077672958374,0.36684858798980713,0.44352611899375916,0.3660151958465576,0.31688135862350464,0.3820585310459137,0.373189240694046,0.384954571723938,0.45011740922927856,0.3277927041053772,0.4606260061264038,0.3289623260498047,0.3598770797252655,0.3454832434654236,0.3869851231575012,0.35178765654563904,0.4424936771392822
2,0.41533663868904114,0.7628504037857056,0.4837990403175354,0.7206850051879883,0.5248224139213562,0.6124594211578369,0.5336320996284485,0.5053765177726746,0.5433480739593506,0.4267786741256714,0.5068029761314392,0.47548747062683105,0.520443320274353,0.35005003213882446,0.5268721580505371,0.39655372500419617,0.5210381746292114,0.46492594480514526,0.4670858383178711,0.46331483125686646,0.47755587100982666,0.316975474357605,0.4870794117450714,0.38917750120162964,0.48393896222114563,0.46744903922080994,0.4281969964504242,0.46484941244125366,0.433002769947052,0.328311026096344,0.4474358558654785,0.3942826986312866,0.446771502494812,0.47387441992759705,0.38670748472213745,0.4775888919830322,0.39142534136772156,0.3733477294445038,0.4081331789493561,0.40428632497787476,0.4126875400543213,0.45840561389923096
3,0.39087653160095215,0.8669435977935791,0.4555300176143646,0.8101077675819397,0.49472755193710327,0.7010200619697571,0.5134188532829285,0.5919004082679749,0.5228325724601746,0.4968954920768738,0.47344785928726196,0.5588836669921875,0.4859830141067505,0.4356640577316284,0.48938730359077454,0.3537972569465637,0.4910036325454712,0.27954620122909546,0.4384913742542267,0.541138768196106,0.4510132670402527,0.40677544474601746,0.45763278007507324,0.31310999393463135,0.46304115653038025,0.23312252759933472,0.4026232063770294,0.5478771924972534,0.413585901260376,0.42026734352111816,0.42257440090179443,0.3345363140106201,0.43116775155067444,0.26151958107948303,0.36606651544570923,0.5736526846885681,0.3747997283935547,0.47500890493392944,0.3829299211502075,0.40762364864349365,0.3919735848903656,0.3456173837184906
3,0.3452017903327942,0.8083792924880981,0.4039968252182007,0.7567265033721924,0.44531527161598206,0.6631412506103516,0.4727747142314911,0.5687612891197205,0.48073944449424744,0.48149973154067993,0.4144682288169861,0.5220297574996948,0.4190894365310669,0.4001099467277527,0.41625234484672546,0.3212966322898865,0.41278275847435,0.2519955039024353,0.3787672221660614,0.5111017227172852,0.3849197030067444,0.38095173239707947,0.38572239875793457,0.2941022217273712,0.38646388053894043,0.2221987247467041,0.34318673610687256,0.5231912732124329,0.3484439551830292,0.401313453912735,0.35190802812576294,0.3203573226928711,0.35547980666160583,0.25244224071502686,0.30626219511032104,0.5523200631141663,0.3111017048358917,0.4588545262813568,0.31656765937805176,0.39522475004196167,0.3223057985305786,0.33649107813835144
3,0.3358054757118225,0.8471654653549194,0.3911936283111572,0.792779803276062,0.4216756224632263,0.696766197681427,0.43577924370765686,0.6038123965263367,0.4328455924987793,0.5267781615257263,0.3991100490093231,0.5836244225502014,0.4064319133758545,0.473626971244812,0.40776190161705017,0.4047975242137909,0.40731051564216614,0.3432864546775818,0.3679666221141815,0.5737897753715515,0.3765277862548828,0.45513904094696045,0.3804405927658081,0.37618228793144226,0.3832218050956726,0.31063583493232727,0.33662253618240356,0.5834131836891174,0.343546599149704,0.47129225730895996,0.3489646911621094,0.39690691232681274,0.35433438420295715,0.33605214953422546,0.304054856300354,0.6071147322654724,0.3105016350746155,0.5190445184707642,0.31745627522468567,0.4601289629936218,0.32520943880081177,0.4076916575431824
3,0.6541398763656616,0.9013757109642029,0.7334944605827332,0.8011311888694763,0.7709655165672302,0.652823805809021,0.7745460271835327,0.521967351436615,0.7781338095664978,0.41304320096969604,0.730851948261261,0.4691709578037262,0.7411667704582214,0.31392836570739746,0.747676432132721,0.21782764792442322,0.751241147518158,0.12980952858924866,0.6860874891281128,0.4553445875644684,0.6979008316993713,0.2805752456188202,0.7061359882354736,0.16831046342849731,0.7137519717216492,0.06447887420654297,0.642850399017334,0.4705093204975128,0.6551478505134583,0.30303457379341125,0.6657407879829407,0.19565317034721375,0.6757265329360962,0.098316490650177,0.5955925583839417,0.5113592147827148,0.6031741499900818,0.3790002465248108,0.6116688847541809,0.2899189889431,0.6205254793167114,0.20268011093139648
3,0.6401521563529968,0.8445836305618286,0.7129852771759033,0.7637512683868408,0.7467454075813293,0.6283745169639587,0.7513987421989441,0.50858074426651,0.7461196780204773,0.40778523683547974,0.6946868896484375,0.48066890239715576,0.7084367275238037,0.34143662452697754,0.7156999707221985,0.2509300112724304,0.7202246189117432,0.1699460744857788,0.656653106212616,0.467717707157135,0.6711465716362,0.3104225993156433,0.6812601685523987,0.2042912244796753,0.6902691125869751,0.11057856678962708,0.6185933947563171,0.48353052139282227,0.6290022730827332,0.33559703826904297,0.6401313543319702,0.2346591055393219,0.651130199432373,0.14654505252838135,0.5786566138267517,0.5210921764373779,0.5860625505447388,0.4058261811733246,0.5956124067306519,0.3254820704460144,0.606905996799469,0.24981576204299927
3,0.4765305817127228,0.9012868404388428,0.525245189666748,0.8294922113418579,0.5418642163276672,0.7165736556053162,0.5383920669555664,0.6294581294059753,0.533891499042511,0.5630072355270386,0.5052321553230286,0.618413507938385,0.5072994828224182,0.514778733253479,0.5085549354553223,0.4486561417579651,0.5078961849212646,0.3905048370361328,0.4762274920940399,0.6147757768630981,0.48018521070480347,0.4988974332809448,0.4826173782348633,0.4221366047859192,0.48423242568969727,0.35560646653175354,0.449207067489624,0.6292596459388733,0.44995617866516113,0.5190981030464172,0.45253321528434753,0.4471662938594818,0.45537933707237244,0.38534674048423767,0.4208456873893738,0.6598340272903442,0.4203731119632721,0.5736433267593384,0.4229612946510315,0.5154621601104736,0.4268840253353119,0.459847092628479
3,0.47217732667922974,0.7746066451072693,0.5232089161872864,0.710301399230957,0.5430108308792114,0.6077091097831726,0.5435499548912048,0.5144156217575073,0.5398721694946289,0.43507033586502075,0.504136323928833,0.49981099367141724,0.5075228810310364,0.38892146944999695,0.5077632665634155,0.3170287609100342,0.5067831873893738,0.25471386313438416,0.47441625595092773,0.4930022060871124,0.47882696986198425,0.3674166202545166,0.48121193051338196,0.2839014232158661,0.4836738407611847,0.21343263983726501,0.4453282654285431,0.5067721009254456,0.44691604375839233,0.3876611590385437,0.44945189356803894,0.3080083131790161,0.4530036151409149,0.2401425838470459,0.4155212640762329,0.5369017720222473,0.41509947180747986,0.4478372633457184,0.41788172721862793,0.3854546546936035,0.4223077595233917,0.3281046152114868
3,0.440304160118103,0.7686326503753662,0.4906901717185974,0.7059973478317261,0.5109474658966064,0.6079009175300598,0.5156210660934448,0.520977258682251,0.5084259510040283,0.45302557945251465,0.47758811712265015,0.511695921421051,0.48102301359176636,0.41208821535110474,0.48138728737831116,0.3486548066139221,0.4799670875072479,0.29179543256759644,0.4496968686580658,0.5051864385604858,0.4532355070114136,0.3938431143760681,0.4555719792842865,0.319561243057251,0.4573552906513214,0.25631922483444214,0.42246755957603455,0.5167122483253479,0.4245142340660095,0.4117273688316345,0.4283120036125183,0.3418455719947815,0.4321918487548828,0.2829870879650116,0.39474353194236755,0.5416629314422607,0.39651986956596375,0.45849287509918213,0.40007320046424866,0.40218016505241394,0.40448659658432007,0.3510313630104065
3,0.11991994082927704,0.6966177225112915,0.1774827092885971,0.6309278011322021,0.21391071379184723,0.5413782596588135,0.22845958173274994,0.446759968996048,0.2202577292919159,0.36642444133758545,0.1887507140636444,0.4377589821815491,0.1888267546892166,0.3220292925834656,0.18141493201255798,0.24618986248970032,0.17248710989952087,0.17932018637657166,0.15534402430057526,0.4293650984764099,0.15588752925395966,0.3040527403354645,0.1521555632352829,0.21795903146266937,0.14778386056423187,0.1451905369758606,0.12271412461996078,0.43950510025024414,0.12150348722934723,0.32481706142425537,0.12059047073125839,0.24690623581409454,0.11850056052207947,0.18261826038360596,0.08847744017839432,0.4651554822921753,0.08927609771490097,0.37454521656036377,0.09090372920036316,0.314764142036438,0.09076140820980072,0.261995792388916
3,0.1631193608045578,0.7162145376205444,0.2185385376214981,0.6450329422950745,0.2503834366798401,0.5485731363296509,0.26121658086776733,0.45172545313835144,0.24528831243515015,0.3731473684310913,0.2209284007549286,0.4429987072944641,0.21724209189414978,0.3276270627975464,0.20729388296604156,0.2542304992675781,0.19591479003429413,0.18763956427574158,0.1871694177389145,0.4387648105621338,0.18300995230674744,0.31438952684402466,0.17627255618572235,0.2278345227241516,0.17028003931045532,0.1519850194454193,0.15445707738399506,0.45497411489486694,0.14974956214427948,0.3424897789955139,0.14683088660240173,0.2629355788230896,0.14423587918281555,0.1967320442199707,0.1205797865986824,0.4854260981082916,0.11931189894676208,0.394771933555603,0.11971848458051682,0.3321669101715088,0.12000327557325363,0.2753453850746155
3,0.3260348439216614,0.7973595261573792,0.3907723128795624,0.7364763617515564,0.42759111523628235,0.6194013953208923,0.44579920172691345,0.5024387836456299,0.4492235779762268,0.4006180167198181,0.402140349149704,0.46765631437301636,0.41048458218574524,0.32868194580078125,0.4096696674823761,0.23716944456100464,0.4058135449886322,0.15430888533592224,0.364244282245636,0.45238828659057617,0.37434154748916626,0.29965031147003174,0.3765864670276642,0.19552111625671387,0.37751004099845886,0.10636302828788757,0.3259715437889099,0.46396589279174805,0.33233731985092163,0.32125264406204224,0.3359157145023346,0.22525319457054138,0.3401571214199066,0.1446879506111145,0.2862413823604584,0.4946652054786682,0.2916790843009949,0.38317206501960754,0.29828697443008423,0.3080974817276001,0.3064382076263428,0.23966816067695618
3,0.5343835949897766,0.8177762031555176,0.5986585021018982,0.7458245754241943,0.6325591206550598,0.6265778541564941,0.6392198204994202,0.5163818001747131,0.6419949531555176,0.424368679523468,0.5991547703742981,0.47787415981292725,0.6035631895065308,0.345686674118042,0.6027693152427673,0.25889578461647034,0.6002919673919678,0.1803615391254425,0.5612562298774719,0.46679410338401794,0.5681160688400269,0.32142531871795654,0.57061767578125,0.2232760190963745,0.5726279616355896,0.1376965343952179,0.5233752131462097,0.4809492528438568,0.5279902815818787,0.3434910774230957,0.532187819480896,0.2521849274635315,0.536457359790802,0.17111849784851074,0.4828612506389618,0.5176903009414673,0.48705577850341797,0.4100542962551117,0.4914785921573639,0.3371712565422058,0.4968813359737396,0.2681942582130432
3,0.5824856162071228,0.7894827723503113,0.6392635703086853,0.7207936644554138,0.6602553725242615,0.6039667725563049,0.6602293848991394,0.4995233714580536,0.6628583669662476,0.4121565818786621,0.6164115071296692,0.47201716899871826,0.6203585267066956,0.3445720374584198,0.6206265687942505,0.2622138261795044,0.6187663078308105,0.18930140137672424,0.5820260047912598,0.46551910042762756,0.5867162942886353,0.3249526619911194,0.588672399520874,0.2302960753440857,0.5901082754135132,0.14881864190101624,0.5499606728553772,0.48333317041397095,0.5527403354644775,0.35311460494995117,0.5566590428352356,0.2643886208534241,0.5608346462249756,0.18814891576766968,0.5180367231369019,0.5197666883468628,0.5179237723350525,0.4194534122943878,0.520377516746521,0.34903234243392944,0.524388313293457,0.2829027473926544
3,0.4227401316165924,0.8312208652496338,0.4846820831298828,0.767219603061676,0.513966977596283,0.6541558504104614,0.5219430327415466,0.5419512987136841,0.5203671455383301,0.44970735907554626,0.477846622467041,0.5199777483940125,0.48431333899497986,0.394065260887146,0.48462650179862976,0.31203198432922363,0.4831278920173645,0.23722326755523682,0.442326158285141,0.509599506855011,0.449797660112381,0.37039729952812195,0.4529440402984619,0.27555233240127563,0.4560289978981018,0.19264653325080872,0.4076101779937744,0.524691641330719,0.4116005003452301,0.3948274254798889,0.4162070155143738,0.305685430765152,0.4216959774494171,0.2287161946296692,0.3723435699939728,0.5582656860351562,0.3749392032623291,0.45642974972724915,0.379566490650177,0.3856236934661865,0.3856561779975891,0.31947869062423706
3,0.42703306674957275,0.8322340250015259,0.4869309067726135,0.7672981023788452,0.5166492462158203,0.6525843739509583,0.5257447957992554,0.5433272123336792,0.5231069326400757,0.4549248218536377,0.4813089072704315,0.5229555368423462,0.487449586391449,0.3992588520050049,0.48792099952697754,0.31809112429618835,0.48669084906578064,0.2451334297657013,0.44647473096847534,0.5124988555908203,0.4536682367324829,0.37419888377189636,0.45747560262680054,0.28026899695396423,0.46094462275505066,0.19921624660491943,0.4124356508255005,0.526232898235321,0.4164849817752838,0.3958021402359009,0.42196977138519287,0.30606189370155334,0.4282194674015045,0.22876876592636108,0.3776548504829407,0.5581884980201721,0.3794676661491394,0.457220196723938,0.3840904235839844,0.38622885942459106,0.39029476046562195,0.32050636410713196
3,0.5694707632064819,0.8045315146446228,0.6256817579269409,0.7437459230422974,0.651759922504425,0.6371882557868958,0.6539947986602783,0.5407920479774475,0.6585869193077087,0.4604342579841614,0.6185823082923889,0.509695291519165,0.6302121877670288,0.3898587226867676,0.6362762451171875,0.3127974271774292,0.6396090388298035,0.24528202414512634,0.5869563817977905,0.5007052421569824,0.6002579927444458,0.3688828945159912,0.6082156896591187,0.2806023955345154,0.6148454546928406,0.20391368865966797,0.5555855631828308,0.5142014622688293,0.5655280351638794,0.38975292444229126,0.5743181705474854,0.30561351776123047,0.5829235911369324,0.23293229937553406,0.5220282077789307,0.5466331243515015,0.5267096757888794,0.45121926069259644,0.5326868891716003,0.3837755024433136,0.5399494171142578,0.3205016553401947
3,0.44125863909721375,0.8578076362609863,0.4954110383987427,0.7896636724472046,0.5197233557701111,0.6747047901153564,0.5235998630523682,0.5709772109985352,0.522284209728241,0.4874233901500702,0.4843224287033081,0.5568261742591858,0.48637935519218445,0.43861526250839233,0.4834687113761902,0.36395707726478577,0.47897982597351074,0.29747381806373596,0.4498576521873474,0.5507559180259705,0.45132169127464294,0.4181838631629944,0.45087140798568726,0.3300364315509796,0.45028772950172424,0.2546078562736511,0.41765594482421875,0.567743182182312,0.4150370657444,0.44371849298477173,0.4158751964569092,0.3612951636314392,0.41764500737190247,0.2909572720527649,0.3863527476787567,0.6029055118560791,0.38472339510917664,0.5069841146469116,0.38662925362586975,0.44075268507003784,0.38972753286361694,0.37928539514541626
3,0.4450491666793823,0.7794576287269592,0.49774420261383057,0.7191306352615356,0.5198646187782288,0.616290807723999,0.5253190994262695,0.5220944285392761,0.5228264331817627,0.4461119472980499,0.486661821603775,0.5086593627929688,0.4918724298477173,0.40096592903137207,0.49270573258399963,0.33176952600479126,0.4917570948600769,0.26973220705986023,0.45589107275009155,0.50014328956604,0.46197932958602905,0.3786700665950775,0.46560603380203247,0.29776501655578613,0.4689491093158722,0.22805914282798767,0.426096111536026,0.5129325985908508,0.4287862479686737,0.39618605375289917,0.43315234780311584,0.31898343563079834,0.4384113848209381,0.252966970205307,0.39609354734420776,0.5419270992279053,0.3971490263938904,0.45217010378837585,0.40113165974617004,0.38993704319000244,0.4068089425563812,0.3320173919200897
3,0.43929845094680786,0.7545928359031677,0.48759156465530396,0.6894828081130981,0.5079709887504578,0.5904346108436584,0.5101736187934875,0.4992341101169586,0.5029307007789612,0.4260501563549042,0.4748431444168091,0.48628324270248413,0.4722813367843628,0.377157062292099,0.4679379463195801,0.31000638008117676,0.4623892307281494,0.25214114785194397,0.4454064667224884,0.48541200160980225,0.44437268376350403,0.36930614709854126,0.44102755188941956,0.2929419279098511,0.43748825788497925,0.23029345273971558,0.4176899194717407,0.5015072822570801,0.4159345030784607,0.39132219552993774,0.41363558173179626,0.3200465142726898,0.4121904969215393,0.261128306388855,0.3890652656555176,0.5324909090995789,0.3876644968986511,0.4478907585144043,0.3882576823234558,0.39126431941986084,0.38939040899276733,0.3404744863510132
3,0.4260737895965576,0.7695651650428772,0.47479477524757385,0.7056045532226562,0.49482566118240356,0.6066234111785889,0.49728846549987793,0.5144193172454834,0.4941575527191162,0.43591684103012085,0.459332138299942,0.5014513731002808,0.45979687571525574,0.39600157737731934,0.45644906163215637,0.3272150158882141,0.4520648419857025,0.2665216624736786,0.428954541683197,0.4979607164859772,0.4287998378276825,0.38115015625953674,0.42769655585289,0.3007413148880005,0.42695486545562744,0.23243796825408936,0.4004629850387573,0.5156537294387817,0.39801812171936035,0.4048086404800415,0.3988803029060364,0.32910165190696716,0.4011315107345581,0.2650028467178345,0.3729168772697449,0.5489800572395325,0.3703831732273102,0.4647713899612427,0.37108728289604187,0.4045040011405945,0.3732737898826599,0.3486016094684601
4,0.4259783923625946,0.7166510820388794,0.48334699869155884,0.6830771565437317,0.5326361060142517,0.614879310131073,0.5735019445419312,0.5564172267913818,0.6090661883354187,0.536472499370575,0.49655964970588684,0.5125406384468079,0.5107784867286682,0.44518375396728516,0.5039581656455994,0.5151849389076233,0.49768325686454773,0.5487150549888611,0.4651334881782532,0.5013384819030762,0.4804360270500183,0.4306650161743164,0.4753885567188263,0.5185527205467224,0.4684038758277893,0.5452345609664917,0.43186792731285095,0.5001652836799622,0.44451627135276794,0.43100303411483765,0.44465193152427673,0.5150138139724731,0.4380470812320709,0.5487540364265442,0.39599180221557617,0.5038092136383057,0.40748131275177,0.44534528255462646,0.4162081182003021,0.5005400776863098,0.4140418767929077,0.5344201326370239
4,0.44899982213974,0.4965241551399231,0.49719661474227905,0.47943446040153503,0.5430828928947449,0.4104021489620209,0.580132782459259,0.35857483744621277,0.6121213436126709,0.3408380150794983,0.5203341841697693,0.30194127559661865,0.5279982686042786,0.2451997548341751,0.5208762884140015,0.30902099609375,0.5158272981643677,0.3486175835132599,0.4881784915924072,0.28732141852378845,0.4949328601360321,0.21959072351455688,0.4915037155151367,0.3038734495639801,0.4893491268157959,0.34353071451187134,0.45609378814697266,0.287059485912323,0.45938819646835327,0.22426989674568176,0.461922287940979,0.3061823844909668,0.4618252217769623,0.349010169506073,0.42412567138671875,0.29671263694763184,0.42725130915641785,0.24959814548492432,0.4355130195617676,0.30211329460144043,0.43860816955566406,0.3362191617488861
4,0.22746214270591736,0.3547053337097168,0.27419596910476685,0.3342457413673401,0.32259613275527954,0.2855745553970337,0.3601439297199249,0.23743224143981934,0.38436806201934814,0.20452074706554413,0.30558887124061584,0.1835160255432129,0.29669666290283203,0.13390237092971802,0.28613442182540894,0.19943492114543915,0.2942286431789398,0.22273172438144684,0.2761438488960266,0.16825611889362335,0.2678368091583252,0.11573008447885513,0.2611057460308075,0.19261771440505981,0.27046263217926025,0.21365408599376678,0.24865388870239258,0.16301989555358887,0.241545170545578,0.1166522353887558,0.23848962783813477,0.1854850947856903,0.247747540473938,0.20690998435020447,0.22347673773765564,0.163429856300354,0.2169949859380722,0.13214370608329773,0.21733151376247406,0.17685310542583466,0.22423596680164337,0.19627657532691956
4,0.2920887768268585,0.42486077547073364,0.3289441466331482,0.38852742314338684,0.36967232823371887,0.3346201479434967,0.39856427907943726,0.2863122224807739,0.41960445046424866,0.2545144259929657,0.34155869483947754,0.2581058144569397,0.33907759189605713,0.21723008155822754,0.33269554376602173,0.2779521644115448,0.33692026138305664,0.2927968502044678,0.31880447268486023,0.24987870454788208,0.31604906916618347,0.20626801252365112,0.3133305311203003,0.2733297348022461,0.3172971308231354,0.28374773263931274,0.2962459921836853,0.2494310736656189,0.29183661937713623,0.20387858152389526,0.29257744550704956,0.26846054196357727,0.297584593296051,0.2830551564693451,0.27195391058921814,0.25102800130844116,0.266244500875473,0.21972313523292542,0.2691613435745239,0.2628127932548523,0.2741352617740631,0.2789892852306366
4,0.46679800748825073,0.41602838039398193,0.5109022855758667,0.39302968978881836,0.5510444641113281,0.3422659933567047,0.5827023386955261,0.2921351194381714,0.6049724817276001,0.2568683922290802,0.5315549373626709,0.2524360120296478,0.5319571495056152,0.20195159316062927,0.523074209690094,0.26179227232933044,0.5237753987312317,0.28851118683815,0.5045397281646729,0.24060067534446716,0.5042973756790161,0.19099131226539612,0.4994312524795532,0.2643733024597168,0.5032454133033752,0.28526607155799866,0.4781203866004944,0.23711757361888885,0.47669297456741333,0.18655982613563538,0.4759676456451416,0.2563082277774811,0.480135440826416,0.28331324458122253,0.45211347937583923,0.23856192827224731,0.4504665732383728,0.19949284195899963,0.453760027885437,0.24824726581573486,0.45765790343284607,0.2756587266921997
4,0.6161837577819824,0.44527316093444824,0.6590389013290405,0.41532102227211,0.695443868637085,0.3586621582508087,0.7214294075965881,0.30926331877708435,0.7423804998397827,0.27711179852485657,0.6683971881866455,0.27249446511268616,0.6800824999809265,0.2291010618209839,0.6741114854812622,0.2851320803165436,0.6686176061630249,0.304717481136322,0.6429177522659302,0.26210817694664,0.6559180021286011,0.2119467556476593,0.6523885130882263,0.28617730736732483,0.6453966498374939,0.3100877106189728,0.6159207820892334,0.2621682584285736,0.625664234161377,0.2076849490404129,0.6289525032043457,0.2798447608947754,0.6237877011299133,0.3104446530342102,0.5871099829673767,0.26943355798721313,0.5944244861602783,0.21881425380706787,0.6047266125679016,0.26462605595588684,0.6050524711608887,0.29473716020584106
4,0.7197174429893494,0.46906614303588867,0.76944500207901,0.4338209927082062,0.8036127686500549,0.36984580755233765,0.8235999345779419,0.3197953999042511,0.8421832323074341,0.28885331749916077,0.7725722789764404,0.293918251991272,0.7920528054237366,0.24502092599868774,0.7866238355636597,0.3039642870426178,0.7756800651550293,0.32840293645858765,0.7481786012649536,0.2846613824367523,0.7682962417602539,0.23199571669101715,0.7648221850395203,0.3077584207057953,0.752551257610321,0.3322503864765167,0.7208358645439148,0.28409847617149353,0.7370526194572449,0.22336643934249878,0.7411395311355591,0.3019093871116638,0.7323085069656372,0.3348921835422516,0.6899294853210449,0.2916802167892456,0.7020922899246216,0.23435957729816437,0.7143036127090454,0.2846221923828125,0.7138769626617432,0.31822460889816284
4,0.5634170770645142,0.4143792986869812,0.6057299971580505,0.377810537815094,0.6421062350273132,0.31669872999191284,0.6658636927604675,0.26261356472969055,0.6820245385169983,0.22434352338314056,0.6083354949951172,0.23827195167541504,0.6165748834609985,0.19069448113441467,0.6122406125068665,0.2509094178676605,0.60784512758255,0.27563631534576416,0.5825275182723999,0.2319936454296112,0.5923080444335938,0.1798158884048462,0.5919303297996521,0.2566901445388794,0.5874912142753601,0.28349336981773376,0.5554724335670471,0.23547640442848206,0.5613218545913696,0.1777312308549881,0.5675061941146851,0.25258520245552063,0.5650491118431091,0.2859421968460083,0.5263783931732178,0.2460915744304657,0.53108811378479,0.19566452503204346,0.5421841740608215,0.24222372472286224,0.5435687303543091,0.2729858458042145
4,0.4535151422023773,0.41671568155288696,0.4967256486415863,0.3829527497291565,0.5339711308479309,0.32588690519332886,0.5631839036941528,0.271953284740448,0.5835118889808655,0.23437464237213135,0.5079642534255981,0.24074654281139374,0.5050131678581238,0.19388705492019653,0.5008535385131836,0.25513970851898193,0.5026317238807678,0.2794615626335144,0.480008602142334,0.2347186803817749,0.47700923681259155,0.189226433634758,0.47775793075561523,0.262264609336853,0.4821520447731018,0.2782270312309265,0.4528082609176636,0.23737744987010956,0.4487711191177368,0.1892644315958023,0.45260319113731384,0.2568352520465851,0.4575785994529724,0.28039979934692383,0.4263051748275757,0.24418331682682037,0.42193251848220825,0.2067227065563202,0.4275873005390167,0.2470703125,0.4318450391292572,0.26818645000457764
4,0.36703726649284363,0.49928784370422363,0.40575355291366577,0.4627349376678467,0.43838223814964294,0.4006102979183197,0.4658203423023224,0.34436577558517456,0.4851514995098114,0.30584418773651123,0.4107535481452942,0.32089242339134216,0.40250149369239807,0.27929142117500305,0.4014527201652527,0.33987635374069214,0.4057748317718506,0.3593369424343109,0.3828059434890747,0.3190418779850006,0.37501683831214905,0.27919071912765503,0.3787003755569458,0.3493422865867615,0.38467738032341003,0.36145198345184326,0.35698401927948,0.3251294493675232,0.3492685854434967,0.2856966257095337,0.3559436798095703,0.3490331470966339,0.3634476363658905,0.36608168482780457,0.3328886032104492,0.334953248500824,0.3256724774837494,0.30232828855514526,0.33328160643577576,0.34259510040283203,0.34036463499069214,0.3616504669189453
4,0.5836776494979858,0.5224528908729553,0.6239012479782104,0.49376344680786133,0.6580569744110107,0.4325084388256073,0.6810749173164368,0.37845098972320557,0.699676513671875,0.3452054262161255,0.6286131143569946,0.3542701303958893,0.6362805366516113,0.31040745973587036,0.632067084312439,0.3715401589870453,0.6281514763832092,0.3880017101764679,0.6039373874664307,0.3480609059333801,0.6116542220115662,0.30793121457099915,0.6113613843917847,0.3802546262741089,0.6069085597991943,0.390479177236557,0.578383207321167,0.3521684408187866,0.5837491750717163,0.30547231435775757,0.5892679691314697,0.37551751732826233,0.5865730047225952,0.3951628804206848,0.5512598752975464,0.36146748065948486,0.5567541122436523,0.32260414958000183,0.5663585662841797,0.36766329407691956,0.5663583278656006,0.3891536295413971
4,0.585280179977417,0.5251508951187134,0.6248434782028198,0.5015754103660583,0.6605929732322693,0.44349926710128784,0.6858372688293457,0.3887591063976288,0.7061563730239868,0.3557950258255005,0.6335225105285645,0.3610113561153412,0.641117513179779,0.3170728385448456,0.6360445618629456,0.37784335017204285,0.6332156658172607,0.3906462788581848,0.608840823173523,0.353497177362442,0.6172058582305908,0.3133750557899475,0.6154426336288452,0.38596057891845703,0.611577033996582,0.3916917145252228,0.5833038687705994,0.3554978668689728,0.5893691778182983,0.3079677224159241,0.5932793617248535,0.37774235010147095,0.591157078742981,0.3936770260334015,0.556290864944458,0.3615909814834595,0.5607603192329407,0.32276296615600586,0.5700597167015076,0.36782902479171753,0.5713015794754028,0.38797521591186523
4,0.40746772289276123,0.5911247730255127,0.4464977979660034,0.5664242506027222,0.48563045263290405,0.5139492750167847,0.5184270143508911,0.46449583768844604,0.5420475602149963,0.4268348813056946,0.4629678428173065,0.4152033030986786,0.4582256078720093,0.3780374825000763,0.45032748579978943,0.4332330822944641,0.45190635323524475,0.46359243988990784,0.43346014618873596,0.40288227796554565,0.43040528893470764,0.3650129735469818,0.4253523349761963,0.42891111969947815,0.42796236276626587,0.4532581567764282,0.4052996039390564,0.40179339051246643,0.4016421139240265,0.36518117785453796,0.40021491050720215,0.4183269143104553,0.4035913944244385,0.4388692378997803,0.37890875339508057,0.4082614481449127,0.375356525182724,0.37610557675361633,0.3775933086872101,0.4129086136817932,0.38063332438468933,0.4322129786014557
4,0.29887717962265015,0.8615515828132629,0.34115540981292725,0.825455367565155,0.3783676028251648,0.7509967684745789,0.40575653314590454,0.6842164993286133,0.42372941970825195,0.636229395866394,0.33979278802871704,0.6534137725830078,0.32931333780288696,0.6168084740638733,0.32696014642715454,0.6870978474617004,0.3335072100162506,0.7050694227218628,0.30715233087539673,0.6516828536987305,0.29851260781288147,0.6155593395233154,0.3006731867790222,0.6942407488822937,0.30902814865112305,0.7038832306861877,0.27776414155960083,0.6598631739616394,0.2678799331188202,0.6249279975891113,0.27331313490867615,0.6912596225738525,0.28342530131340027,0.6988926529884338,0.25143110752105713,0.6730722784996033,0.2437734156847,0.6409924626350403,0.2502453029155731,0.6855162978172302,0.2582080066204071,0.7013965845108032
4,0.19805729389190674,0.8705542087554932,0.23676209151744843,0.8363989591598511,0.2708279490470886,0.7672153115272522,0.2928617596626282,0.6994171142578125,0.3060331344604492,0.6502329707145691,0.24188876152038574,0.6727462410926819,0.21651434898376465,0.6450129747390747,0.21702568233013153,0.7118062973022461,0.2322823703289032,0.7198399305343628,0.20968130230903625,0.6699284911155701,0.18875139951705933,0.6422572135925293,0.19170048832893372,0.7211949825286865,0.20684245228767395,0.727693498134613,0.18086569011211395,0.6764612197875977,0.16142426431179047,0.6522473096847534,0.16658854484558105,0.7181829810142517,0.1824607253074646,0.7220866084098816,0.1550845205783844,0.6877322196960449,0.13944357633590698,0.667088508605957,0.14460088312625885,0.7091562151908875,0.1572435051202774,0.7196289300918579
4,0.3509618639945984,0.7080206871032715,0.3936856985092163,0.6724523901939392,0.4285697937011719,0.600830078125,0.45629119873046875,0.5356032252311707,0.4787711799144745,0.49155521392822266,0.39551737904548645,0.5104498267173767,0.3791305124759674,0.4646603465080261,0.3790084719657898,0.5263161659240723,0.38989537954330444,0.547366738319397,0.3646446466445923,0.5086729526519775,0.3497537672519684,0.4625485837459564,0.3518883287906647,0.5367221832275391,0.36421385407447815,0.5484696626663208,0.3371453881263733,0.5145710110664368,0.3230525255203247,0.47596073150634766,0.3277093768119812,0.5380997061729431,0.3410766124725342,0.5469701886177063,0.31321632862091064,0.5242559909820557,0.3021676540374756,0.49141573905944824,0.3077200949192047,0.5342662334442139,0.3184276521205902,0.5520599484443665
4,0.2497800588607788,0.7844644784927368,0.30917325615882874,0.733644962310791,0.35440152883529663,0.6362164616584778,0.3900884985923767,0.5448524951934814,0.4168768525123596,0.48179739713668823,0.30321672558784485,0.5192263126373291,0.289966344833374,0.4634007215499878,0.29074230790138245,0.5476014614105225,0.30001434683799744,0.5773444771766663,0.25910550355911255,0.5194817185401917,0.2475559264421463,0.46497708559036255,0.25378233194351196,0.5680503249168396,0.26356208324432373,0.5835997462272644,0.2197890430688858,0.5312276482582092,0.20721058547496796,0.4757867157459259,0.21688181161880493,0.5610416531562805,0.22767315804958344,0.5762728452682495,0.18440861999988556,0.5496993064880371,0.17181351780891418,0.5005820989608765,0.18402208387851715,0.5550215840339661,0.19498297572135925,0.5783029794692993
4,0.3703101873397827,0.5185906887054443,0.41838061809539795,0.4934771955013275,0.46149978041648865,0.43776175379753113,0.4980895519256592,0.37986987829208374,0.5236137509346008,0.33840683102607727,0.4319649338722229,0.3172672390937805,0.4300421476364136,0.27155011892318726,0.4251471757888794,0.33940330147743225,0.42645907402038574,0.3658270835876465,0.3985391855239868,0.30407842993736267,0.39714038372039795,0.2575545907020569,0.3974957764148712,0.3418939709663391,0.39958807826042175,0.362548291683197,0.36705729365348816,0.3059169352054596,0.3646320104598999,0.26113569736480713,0.36955592036247253,0.3369056284427643,0.372709721326828,0.3603891134262085,0.3374798893928528,0.3160139322280884,0.33483728766441345,0.28140994906425476,0.34168246388435364,0.33295321464538574,0.34462031722068787,0.3566935360431671
4,0.4378328025341034,0.5745222568511963,0.49031680822372437,0.5383577942848206,0.5357125401496887,0.4599052667617798,0.5685390830039978,0.38667547702789307,0.5946980714797974,0.3359711766242981,0.4938027858734131,0.34385278820991516,0.49649423360824585,0.2790962755680084,0.49406713247299194,0.3599816560745239,0.4932366907596588,0.39117541909217834,0.45986059308052063,0.33630940318107605,0.46191099286079407,0.27359700202941895,0.46497970819473267,0.3720245063304901,0.46462029218673706,0.3946327567100525,0.4256874918937683,0.3408243656158447,0.4243219196796417,0.27307143807411194,0.4324590563774109,0.36538806557655334,0.43359625339508057,0.39648112654685974,0.3904781639575958,0.3513161540031433,0.3867541253566742,0.29463520646095276,0.3986315131187439,0.35242658853530884,0.4027620851993561,0.3844048082828522
4,0.5425666570663452,0.5705404877662659,0.5931455492973328,0.5391815304756165,0.63457190990448,0.4633926749229431,0.6641028523445129,0.3950008749961853,0.6905896663665771,0.34883344173431396,0.5947462320327759,0.3497415781021118,0.6097326278686523,0.2818964719772339,0.6071063280105591,0.3620753288269043,0.6001774668693542,0.3924102187156677,0.5618324279785156,0.341171532869339,0.5763100385665894,0.27626484632492065,0.5769246816635132,0.3780415952205658,0.568278968334198,0.4025687873363495,0.5273997783660889,0.3466057777404785,0.5388696193695068,0.27946799993515015,0.5462690591812134,0.37309953570365906,0.5395083427429199,0.4041220545768738,0.49161839485168457,0.36034682393074036,0.49937430024147034,0.2999822497367859,0.514130711555481,0.35653311014175415,0.5138970613479614,0.38876911997795105
5,0.4473158121109009,0.546384871006012,0.40418142080307007,0.5071702003479004,0.3773500919342041,0.4560472369194031,0.3575984537601471,0.40424564480781555,0.3373114764690399,0.3733472228050232,0.4152500629425049,0.34910133481025696,0.4222642481327057,0.3612077832221985,0.4261283278465271,0.39417049288749695,0.42597144842147827,0.41865238547325134,0.448167085647583,0.3442067503929138,0.44978588819503784,0.36615145206451416,0.4490813612937927,0.39814692735671997,0.4475899040699005,0.42094317078590393,0.47706368565559387,0.3583080470561981,0.47455692291259766,0.37572598457336426,0.47265154123306274,0.40203502774238586,0.46967798471450806,0.4249684810638428,0.5011894702911377,0.3797250986099243,0.5003048777580261,0.3861982226371765,0.4960516393184662,0.4094489514827728,0.4917578399181366,0.428944855928421
5,0.33234903216362,0.6103657484054565,0.29531869292259216,0.5677488446235657,0.27096885442733765,0.5167399644851685,0.25708988308906555,0.46908998489379883,0.24207884073257446,0.44158676266670227,0.28653037548065186,0.4214426577091217,0.322256863117218,0.3733585476875305,0.33843639492988586,0.38655519485473633,0.3403087854385376,0.4086453914642334,0.3120322525501251,0.4121178984642029,0.3456955850124359,0.3618679642677307,0.35810551047325134,0.38182592391967773,0.35475051403045654,0.40926414728164673,0.3395633399486542,0.4151029884815216,0.3686886429786682,0.3594528138637543,0.3775993287563324,0.3834749162197113,0.37133726477622986,0.41298913955688477,0.3676937520503998,0.4305746257305145,0.3889372944831848,0.3780839443206787,0.3934713304042816,0.3996776342391968,0.3850719928741455,0.4271218478679657
5,0.4249822795391083,0.6282461285591125,0.37192612886428833,0.5639578104019165,0.3328326940536499,0.48646602034568787,0.3046502470970154,0.409339964389801,0.2783657908439636,0.35841184854507446,0.3755481541156769,0.37273746728897095,0.4001522362232208,0.340838760137558,0.40770894289016724,0.3776831030845642,0.4026336669921875,0.4132619798183441,0.4177727997303009,0.3725745975971222,0.43693453073501587,0.3442784547805786,0.4390856623649597,0.3834988474845886,0.4324086308479309,0.42271122336387634,0.4573591947555542,0.38991957902908325,0.4719677269458771,0.35461679100990295,0.4718332588672638,0.3899020552635193,0.46460869908332825,0.42982667684555054,0.49274569749832153,0.41847285628318787,0.5019710063934326,0.3807542026042938,0.4983033537864685,0.41467249393463135,0.4905785620212555,0.4489900469779968
5,0.582179605960846,0.6960702538490295,0.523145854473114,0.6074191331863403,0.4835188388824463,0.5122914910316467,0.4550354778766632,0.4112584590911865,0.43170666694641113,0.3428425192832947,0.5452243089675903,0.3826321065425873,0.5643762946128845,0.33244433999061584,0.5642107129096985,0.3755187690258026,0.5589904189109802,0.4189343750476837,0.5972025990486145,0.3877018690109253,0.6059372425079346,0.33526283502578735,0.6012072563171387,0.37459635734558105,0.5983100533485413,0.4192814230918884,0.6430731415748596,0.41415706276893616,0.6480936408042908,0.3403351902961731,0.6415996551513672,0.37427738308906555,0.6370484232902527,0.42012783885002136,0.6833698153495789,0.4541011452674866,0.6858752369880676,0.36849796772003174,0.6774508357048035,0.39221853017807007,0.6720190048217773,0.4295857846736908
5,0.564905047416687,0.6992700099945068,0.5078998804092407,0.6088438034057617,0.46808362007141113,0.5156316161155701,0.44204920530319214,0.41688570380210876,0.42037320137023926,0.3470136523246765,0.5196033120155334,0.4004480838775635,0.5450946688652039,0.34237009286880493,0.5489374995231628,0.3854326605796814,0.5417110323905945,0.42864543199539185,0.5705421566963196,0.4074397683143616,0.5868305563926697,0.35263359546661377,0.5864326357841492,0.39333823323249817,0.5808401107788086,0.4357766807079315,0.6168316006660461,0.4313693046569824,0.6281369924545288,0.3622140884399414,0.6258556246757507,0.39617300033569336,0.6200157403945923,0.4391403794288635,0.6577693819999695,0.46503692865371704,0.6628545522689819,0.3866533637046814,0.6583009362220764,0.4144634008407593,0.6534510254859924,0.45045989751815796
5,0.45125076174736023,0.7533597946166992,0.39675799012184143,0.6731710433959961,0.3566848933696747,0.5843589901924133,0.3315785825252533,0.5006611943244934,0.30859512090682983,0.4409288763999939,0.3813987076282501,0.4833422601222992,0.42203155159950256,0.40942418575286865,0.4339826703071594,0.4494446814060211,0.42493659257888794,0.4964991509914398,0.4243333339691162,0.48357290029525757,0.4588198959827423,0.41605839133262634,0.4679681956768036,0.45957422256469727,0.45831814408302307,0.5038456916809082,0.46969783306121826,0.4966376721858978,0.4959009289741516,0.41335374116897583,0.5012595057487488,0.4568498730659485,0.49168747663497925,0.5034818649291992,0.513603925704956,0.5210825800895691,0.5286161303520203,0.43023717403411865,0.5307407975196838,0.4645392894744873,0.52226322889328,0.5022979974746704
5,0.3946317434310913,0.7059654593467712,0.34505608677864075,0.6283841133117676,0.30818724632263184,0.5449891090393066,0.2860989272594452,0.4659726619720459,0.26541900634765625,0.40669989585876465,0.337336003780365,0.4400280714035034,0.3799566328525543,0.37750279903411865,0.3932833671569824,0.4112011194229126,0.3860473930835724,0.4525447189807892,0.37705427408218384,0.4436679184436798,0.41495105624198914,0.3842411935329437,0.42352646589279175,0.423828125,0.4123823642730713,0.46524298191070557,0.41861170530319214,0.46076688170433044,0.44955843687057495,0.38589268922805786,0.45428457856178284,0.4259524345397949,0.4428905248641968,0.4689914882183075,0.45911455154418945,0.48933932185173035,0.4797799289226532,0.40714186429977417,0.4807608127593994,0.4394710063934326,0.46928972005844116,0.4747515022754669
5,0.5267576575279236,0.6745938062667847,0.47227638959884644,0.5870992541313171,0.4352066218852997,0.49941885471343994,0.41347536444664,0.40114593505859375,0.39805856347084045,0.327752947807312,0.48557621240615845,0.38240841031074524,0.5188178420066833,0.3254868984222412,0.5221269130706787,0.3705071806907654,0.5130794644355774,0.4131391942501068,0.5340901613235474,0.39014267921447754,0.5549846887588501,0.338428258895874,0.554935097694397,0.3787020444869995,0.5480325818061829,0.42089155316352844,0.5782780647277832,0.41385504603385925,0.5923977494239807,0.3442452847957611,0.5907295942306519,0.3801565170288086,0.583524763584137,0.4233629107475281,0.6186357736587524,0.44609057903289795,0.6264094710350037,0.35998159646987915,0.6217479705810547,0.38863927125930786,0.6148114204406738,0.4252013564109802
5,0.4845808148384094,0.675811231136322,0.4314709007740021,0.6089304089546204,0.3923802971839905,0.5369943976402283,0.3687492609024048,0.45907777547836304,0.35077518224716187,0.39755403995513916,0.4270769953727722,0.4271429181098938,0.4546594023704529,0.3687479496002197,0.46750038862228394,0.3994569778442383,0.4652942717075348,0.4368392825126648,0.46898937225341797,0.4238470196723938,0.4904412627220154,0.3712628483772278,0.49704182147979736,0.40597614645957947,0.49141842126846313,0.44668230414390564,0.5100926160812378,0.43641865253448486,0.5260445475578308,0.36750340461730957,0.5297812223434448,0.39921271800994873,0.5239961743354797,0.44143813848495483,0.5491873621940613,0.4617166817188263,0.5582790374755859,0.39114177227020264,0.5559444427490234,0.4102803170681,0.5473852753639221,0.4392149746417999
5,0.4855971336364746,0.6908601522445679,0.4299471974372864,0.6194688081741333,0.38908451795578003,0.5439229607582092,0.3636033236980438,0.46219590306282043,0.3445581793785095,0.3983338475227356,0.4217948913574219,0.4308306872844696,0.45077237486839294,0.3688322901725769,0.4621894359588623,0.4076906144618988,0.4574601352214813,0.45073172450065613,0.4651532769203186,0.4285110831260681,0.48794636130332947,0.3731469511985779,0.4952884912490845,0.4125577211380005,0.4892739951610565,0.45513883233070374,0.5083426833152771,0.44138073921203613,0.524365246295929,0.37025517225265503,0.529123842716217,0.4059392213821411,0.5232437252998352,0.44913777709007263,0.5493977069854736,0.4653202295303345,0.5570442080497742,0.38474875688552856,0.5570212006568909,0.4118882119655609,0.5503639578819275,0.44620561599731445
5,0.37495458126068115,0.6793746948242188,0.3369741141796112,0.625540018081665,0.30757951736450195,0.5611819624900818,0.29080528020858765,0.5016922354698181,0.2746005654335022,0.4595096707344055,0.3280206322669983,0.47403237223625183,0.3656355142593384,0.42895427346229553,0.3722219467163086,0.46316495537757874,0.36217790842056274,0.4951508045196533,0.35424116253852844,0.4661678075790405,0.3901885449886322,0.4322064220905304,0.39506176114082336,0.4646475911140442,0.38333389163017273,0.49553394317626953,0.3835822343826294,0.4701967239379883,0.41352173686027527,0.43158507347106934,0.41705432534217834,0.4623625576496124,0.40613245964050293,0.49125221371650696,0.4131782054901123,0.4838239550590515,0.4350168704986572,0.4415028691291809,0.43682634830474854,0.46899768710136414,0.4271397590637207,0.49695172905921936
5,0.4709893763065338,0.6744413375854492,0.4289414584636688,0.6185808181762695,0.39765608310699463,0.5565974712371826,0.3783099353313446,0.4944244921207428,0.3629390001296997,0.444172739982605,0.4270932972431183,0.4655008912086487,0.45390868186950684,0.3826797604560852,0.46225669980049133,0.4056452214717865,0.4571838080883026,0.43970999121665955,0.4611440598964691,0.4691135883331299,0.4829671382904053,0.3842064440250397,0.4883832633495331,0.412274569272995,0.48219501972198486,0.4486669898033142,0.4946620464324951,0.48474007844924927,0.5099980235099792,0.3920735716819763,0.5133273601531982,0.4177185297012329,0.507603108882904,0.45312514901161194,0.5266388654708862,0.5118375420570374,0.5365784168243408,0.4219127893447876,0.5355603098869324,0.4333933889865875,0.528885006904602,0.45694130659103394
5,0.4628521800041199,0.7174901962280273,0.41329532861709595,0.6591262817382812,0.37297630310058594,0.5904794931411743,0.350167453289032,0.5235505700111389,0.3291065990924835,0.47448495030403137,0.3980708420276642,0.4993588328361511,0.42796701192855835,0.43474552035331726,0.43683353066444397,0.4658846855163574,0.4302096664905548,0.5075759887695312,0.4349454641342163,0.4953292906284332,0.4596270024776459,0.43587154150009155,0.4667883515357971,0.46874111890792847,0.4601486325263977,0.5090841054916382,0.47345590591430664,0.5020066499710083,0.49125510454177856,0.43321728706359863,0.49620309472084045,0.4659944474697113,0.4905956983566284,0.5081039071083069,0.5112243294715881,0.5179460048675537,0.5212336778640747,0.4437156021595001,0.5230807065963745,0.47191286087036133,0.5177151560783386,0.5083900094032288
5,0.3142329454421997,0.6339965462684631,0.2705528438091278,0.5927570462226868,0.23883318901062012,0.550948441028595,0.2192179262638092,0.4996529221534729,0.20065879821777344,0.4631379544734955,0.2498113214969635,0.4451631009578705,0.28162187337875366,0.40764421224594116,0.2921009659767151,0.4399947226047516,0.2877495288848877,0.4748817980289459,0.2784070372581482,0.42458876967430115,0.3080321252346039,0.39899423718452454,0.3154994249343872,0.43164196610450745,0.3099091053009033,0.46521905064582825,0.3088495433330536,0.41972455382347107,0.3337708115577698,0.38927048444747925,0.3381359875202179,0.4222331643104553,0.3304489254951477,0.4554058611392975,0.3384782671928406,0.42719680070877075,0.35916996002197266,0.38749369978904724,0.36232390999794006,0.4194915294647217,0.3542749881744385,0.4529593586921692
5,0.4686677157878876,0.7003553509712219,0.42782169580459595,0.6377891898155212,0.39746302366256714,0.5718681216239929,0.38044503331184387,0.5063506364822388,0.36738723516464233,0.4540148377418518,0.4281802177429199,0.48471346497535706,0.4561764597892761,0.4355599284172058,0.46569591760635376,0.4628426432609558,0.4598572850227356,0.4945671260356903,0.4629039466381073,0.48846203088760376,0.48704445362091064,0.4456287920475006,0.4916747510433197,0.4773032069206238,0.48248520493507385,0.5106228590011597,0.49687284231185913,0.5037062764167786,0.5157392024993896,0.45135629177093506,0.5179646015167236,0.4818539023399353,0.5094782710075378,0.5166714787483215,0.5286746025085449,0.5283215641975403,0.5411155223846436,0.46977269649505615,0.540725588798523,0.49413540959358215,0.5332901477813721,0.5223974585533142
5,0.47848403453826904,0.6800506711006165,0.4434605836868286,0.6362904906272888,0.4157296121120453,0.5863794088363647,0.39907801151275635,0.5352474451065063,0.38448572158813477,0.5004909634590149,0.4330424964427948,0.4993698000907898,0.46235716342926025,0.4617112874984741,0.4711909890174866,0.48727765679359436,0.46715471148490906,0.5167593359947205,0.45808956027030945,0.489404559135437,0.48565927147865295,0.4606062173843384,0.49184107780456543,0.48775529861450195,0.485758900642395,0.5179105997085571,0.48454323410987854,0.49041539430618286,0.5079286098480225,0.4597114324569702,0.5110378265380859,0.4859507083892822,0.5043895244598389,0.515118420124054,0.5105537176132202,0.5000964999198914,0.5269265174865723,0.46654415130615234,0.5283330678939819,0.49078136682510376,0.5218415856361389,0.5167916417121887
5,0.46676167845726013,0.718862771987915,0.4254605770111084,0.664107620716095,0.39384883642196655,0.5993571877479553,0.3782687187194824,0.5335572361946106,0.36173251271247864,0.48696452379226685,0.4152267873287201,0.5154653787612915,0.4510139226913452,0.45896124839782715,0.45774900913238525,0.489467591047287,0.4487748444080353,0.5252322554588318,0.4476284086704254,0.5165644884109497,0.47922882437705994,0.46403181552886963,0.48428499698638916,0.49605506658554077,0.47485125064849854,0.5324391722679138,0.4808497726917267,0.5287028551101685,0.5063983201980591,0.4677680730819702,0.509564220905304,0.4973675608634949,0.5006194114685059,0.5339309573173523,0.5134099125862122,0.5483735799789429,0.5313610434532166,0.4825270175933838,0.5325391292572021,0.5035648941993713,0.5232638716697693,0.5330986976623535
5,0.5124955177307129,0.6380581855773926,0.464336633682251,0.5817307233810425,0.427031546831131,0.5237836241722107,0.40234899520874023,0.4599691331386566,0.38409700989723206,0.4054189920425415,0.45465052127838135,0.4283825159072876,0.47707676887512207,0.3567333221435547,0.4871556758880615,0.3850474953651428,0.48335233330726624,0.42270293831825256,0.49204686284065247,0.42525285482406616,0.5089533925056458,0.3548586368560791,0.515817403793335,0.3856668174266815,0.5109692215919495,0.4237113893032074,0.5289013385772705,0.4337207078933716,0.5394591689109802,0.3529322147369385,0.5441384315490723,0.38216519355773926,0.5398748517036438,0.4205620586872101,0.5643258690834045,0.4536634385585785,0.5693022608757019,0.37017902731895447,0.5693406462669373,0.38842397928237915,0.5638817548751831,0.4170985221862793
5,0.5186871290206909,0.6973007917404175,0.46916061639785767,0.6369240283966064,0.43148311972618103,0.5727261304855347,0.4058101773262024,0.5056433081626892,0.38604971766471863,0.4545658230781555,0.4599974751472473,0.4662579298019409,0.4868429899215698,0.406516969203949,0.5011429190635681,0.43002015352249146,0.5002360343933105,0.4628753960132599,0.49678996205329895,0.4613179862499237,0.519034206867218,0.40719401836395264,0.5276941657066345,0.4371160864830017,0.5235834717750549,0.47342079877853394,0.5344971418380737,0.4710177779197693,0.5481258630752563,0.405070960521698,0.5550013780593872,0.4335428476333618,0.5511023998260498,0.47060754895210266,0.5714130401611328,0.49287545680999756,0.5783178806304932,0.4215538501739502,0.5800955891609192,0.440554678440094,0.5746597051620483,0.467465877532959
5,0.37218549847602844,0.57370924949646,0.33632197976112366,0.5339835286140442,0.31130450963974,0.49301618337631226,0.2962518632411957,0.44499439001083374,0.2822202742099762,0.41193169355392456,0.32657381892204285,0.41117480397224426,0.3497554361820221,0.3780857026576996,0.35724014043807983,0.400438517332077,0.3540135622024536,0.4280041456222534,0.35172462463378906,0.3978872299194336,0.3726649880409241,0.37487179040908813,0.377481073141098,0.3976958096027374,0.37280863523483276,0.42526569962501526,0.3784675896167755,0.39892375469207764,0.3939858675003052,0.36912691593170166,0.3969114422798157,0.3924316167831421,0.3920043706893921,0.42032352089881897,0.4041474461555481,0.41014355421066284,0.4150373637676239,0.3714727759361267,0.41634228825569153,0.3916524648666382,0.41111040115356445,0.4169800877571106
